cost_center,cost_center_name,dept,staff_cost_code
"330010K002","F_DC Gò Vấp","Warehouse","S5"
"330010K003","F_DC Bình Thạnh","Warehouse","S5"
"330010K004","F_DC Hà Nội","Warehouse","S5"
"330010K005","F_DC CN Đồng Nai","Warehouse","S5"
"330010K006","F_DC CN Miền Bắc","Warehouse","S5"
"330010K007","F_DC Tây Hòa","Warehouse","S5"
"330010K008","F_DC Tân Hóa","Warehouse","S5"
"330010K009","F_DC Tân Sơn","Warehouse","S5"
"330010K010","F_S.LOC Bảo Trung","Warehouse","S5"
"330010K011","F_DC Đức Tấn","Warehouse","S5"
"330010K012","F_DC An Phú","Warehouse","S5"
"330010K013","F_DC Hoàng Phi Quân","Warehouse","S5"
"330010K014","F_DC Quang Trung","Warehouse","S5"
"330010K015","F_DC Feddy tai DNF","Warehouse","S5"
"330010M001","Kho TổngHợp Meatshop","Retails","S2"
"330010M002","F_MS N. Văn Luông","Retails","S2"
"330010M003","F_MS Phan Chu Trinh","Retails","S2"
"330010M004","F_MS N. Văn Thương","Retails","S2"
"330010M005","F_MS Quốc Hương","Retails","S2"
"330010M006","F_MS Tân Hòa Đông","Retails","S2"
"330010M007","F_MS Ngô Tất Tố","Retails","S2"
"330010M008","F_MS PHạm Văn Hai","Retails","S2"
"330010M009","F_MS N. Duy Trinh","Retails","S2"
"330010M010","F_MS Độc Lập","Retails","S2"
"330010M011","F_MS Lý Phục Man","Retails","S2"
"330010M012","F_MS Bùi Văn Ba","Retails","S2"
"330010M013","F_MS TB-H. Hoa Thám","Retails","S2"
"330010M014","F_MS Trần Mai Ninh","Retails","S2"
"330010M015","F_MS Hoàng N Phách","Retails","S2"
"330010M016","F_MS Phạm Văn Chiêu","Retails","S2"
"330010M017","F_MS Bông Sao","Retails","S2"
"330010M018","F_MS Tô Hiến Thành","Retails","S2"
"330010M019","F_MS Trần Văn Quang","Retails","S2"
"330010M020","F_MS Trung Mỹ Tây","Retails","S2"
"330010M021","F_MS C.Mạng Tháng 8","Retails","S2"
"330010M022","F_MS Phạm Văn Bạch","Retails","S2"
"330010M023","F_MS Tô Ngọc Vân","Retails","S2"
"330010M024","F_MS Phạm Phú Thứ","Retails","S2"
"330010M025","F_MS Trần Nhân Tôn","Retails","S2"
"330010M026","F_MS Cây Keo","Retails","S2"
"330010M027","F_MS T. Phước Phan","Retails","S2"
"330010M028","F_MS Phước Bình","Retails","S2"
"330010M029","F_MS Hai Bà Trưng","Retails","S2"
"330010M030","F_MS Lê Đức Thọ","Retails","S2"
"330010M031","F_MS An Dương Vương","Retails","S2"
"330010M032","F_MS Nguyễn Xí","Retails","S2"
"330010M033","F_MS Bạch Vân","Retails","S2"
"330010M034","F_MS Nguyễn Thị TẦn","Retails","S2"
"330010M035","F_MS Lê Văn Sỹ","Retails","S2"
"330010M036","F_MS Lê Thạch","Retails","S2"
"330010M037","F_MS Tân Quy","Retails","S2"
"330010M038","F_MS Phổ Quang","Retails","S2"
"330010M039","F_MS N. Thị Trang","Retails","S2"
"330010M040","F_MPhan Chu Trinh BH","Retails","S2"
"330010M041","F_MPhạm Văn Thuận BH","Retails","S2"
"330010M042","F_MS Bình Triệu","Retails","S2"
"330010M043","F_MS N. Đình Chiểu","Retails","S2"
"330010M044","F_MS Xóm Củi","Retails","S2"
"330010M045","F_MS Phan Văn Trị","Retails","S2"
"330010M046","F_MS Quang Trung","Retails","S2"
"330010M047","F_M NTMinh Khai BD","Retails","S2"
"330010M048","F_MS Đinh Bộ Lĩnh BD","Retails","S2"
"330010M049","F_MS Đỗ Xuân Hợp","Retails","S2"
"330010M050","F_MS Lê Văn Lương NB","Retails","S2"
"330010M051","F_MS Huỳnh Tấn Phát","Retails","S2"
"330010M052","F_MS Lạc Long Quân","Retails","S2"
"330010M053","F_MS Nguyễn Thị Định","Retails","S2"
"330010M054","F_MS Nguyễn Sỹ Sách","Retails","S2"
"330010M055","F_MS Cống Quỳnh","Retails","S2"
"330010M056","F_MS Nguyễn Ảnh Thủ","Retails","S2"
"330010M057","F_MS Tân Phú","Retails","S2"
"330010M058","F_MSTrịnh Đình Trọng","Retails","S2"
"330010M059","F_MS Tam Bình","Retails","S2"
"330010M060","F_MS Nguyễn Huy Tự","Retails","S2"
"330010M061","F_MS Gò Xoài","Retails","S2"
"330010M062","F_MS Hà Huy Giáp","Retails","S2"
"330010M063","F_MS Trần Quý","Retails","S2"
"330010M064","F_MS Lý Thường Kiệt","Retails","S2"
"330010M065","F_MS Kha Vạn Cân","Retails","S2"
"330010M066","F_MS Trần Hữu Trang","Retails","S2"
"330010M067","F_MS Lộ Tẻ","Retails","S2"
"330010M068","F_MS Âu Cơ","Retails","S2"
"330010M069","F_MS Nguyễn Lâm","Retails","S2"
"330010M070","F_MS Sơn Kỳ","Retails","S2"
"330010M071","F_MS Lê Văn Quới","Retails","S2"
"330010M072","F_MS Long Trường","Retails","S2"
"330010M073","F_MS Trần Văn Mười","Retails","S2"
"330010M074","F_MS Dương Đình Hội","Retails","S2"
"330010M075","F_MS City Land","Retails","S2"
"330010M076","F_MS Nguyễn Văn Nghi","Retails","S2"
"330010M077","F_MS Phong Phú","Retails","S2"
"330010M078","F_M-Lê Văn Lương-Q7","Retails","S2"
"330010M079","F_MS Đỗ Ngọc Quang","Retails","S2"
"330010M080","F_MS Lê Văn Việt","Retails","S2"
"330010M081","F_MS Cao Đạt","Retails","S2"
"330010M082","F_MS Tân Mỹ","Retails","S2"
"330010M083","F_MS QUỐC LỘ 13","Retails","S2"
"330010M084","F_MS PHẠM HỮU LẦU","Retails","S2"
"330010M085","F_MS BT-H. Hoa Thám","Retails","S2"
"330010M086","F_MS An Phú","Retails","S2"
"330010M087","F_MS LÊ VĂN THỌ","Retails","S2"
"330010M088","F_MS BÌNH QUỚI","Retails","S2"
"330010M089","F_MS553 N.DINH CHIEU","Retails","S2"
"330010M090","F_MS NGUYEN VAN TAO","Retails","S2"
"330010M091","F_MS An Khánh","Retails","S2"
"330010M092","F_MS Phú Lợi","Retails","S2"
"330010M093","F_MS TR.CÔNG ĐỊNH","Retails","S2"
"330010M094","F_MS LINH TRUNG","Retails","S2"
"330010M095","F_MS NGUYỄN VĂN CÔNG","Retails","S2"
"330010M096","F_MS96","Retails","S2"
"330010M097","F_MS97","Retails","S2"
"330010M098","F_MS98","Retails","S2"
"330010M099","F_MS99","Retails","S2"
"330010M100","F_MS100","Retails","S2"
"330010M101","F_MS101","Retails","S2"
"330010M102","F_MS102","Retails","S2"
"330010M103","F_MS103","Retails","S2"
"330010M104","F_MS104","Retails","S2"
"330010M105","F_MS105","Retails","S2"
"330010M106","F_MS106","Retails","S2"
"330010M107","F_MS107","Retails","S2"
"330010M108","F_MS108","Retails","S2"
"330010M109","F_MS109","Retails","S2"
"330010M110","F_MS110","Retails","S2"
"330010M111","F_MS111","Retails","S2"
"330010M112","F_MS112","Retails","S2"
"330010M113","F_MS113","Retails","S2"
"330010M114","F_MS114","Retails","S2"
"330010M115","F_MS115","Retails","S2"
"330010M116","F_MS116","Retails","S2"
"330010M117","F_MS117","Retails","S2"
"330010M118","F_MS118","Retails","S2"
"330010M119","F_MS119","Retails","S2"
"330010M120","F_MS120","Retails","S2"
"3300180001","F_CPBH- KD","Sale","S1"
"3300180002","F_BH-KD _Pork","Sale","S1"
"3300180003","F_BH-KD _Chicken","Sale","S1"
"3300180004","F_BH-KD _PF","Sale","S1"
"3300180011","F_CPBH- KD _Retail","Retails","S2"
"3300180012","F_CPBH- KD _Ecom","Retails","S2"
"3300180013","F_CPBH- KD _GT","Sale","S1"
"3300180014","F_CPBH- KD _MT","Sale","S1"
"3300180015","F_CPBH- KD _Horeca","Sale","S1"
"3300180016","F_CPBH- KD _Season","Sale","S1"
"3300180017","F_CPBH- KD _Trader","Sale","S1"
"3300180018","F_CPBH- KD _Intern","Sale","S1"
"3300180019","F_CPBH- KD _Other","Sale","S1"
"3300180020","F_BH-KD _RET_Pork","Sale","S1"
"3300180021","F_BH-KD _RET_Chicken","Sale","S1"
"3300180022","F_BH-KD _RET_PF","Sale","S1"
"3300180023","F_BH-KD _RET_Others","Sale","S1"
"3300180024","F_BH-KD _ECO_Pork","Sale","S1"
"3300180025","F_BH-KD _ECO_Chicken","Sale","S1"
"3300180026","F_BH-KD _ECO_PF","Sale","S1"
"3300180027","F_BH-KD _ECO_Others","Sale","S1"
"3300180028","F_BH-KD _GT_Pork","Sale","S1"
"3300180029","F_BH-KD _GT_Chicken","Sale","S1"
"3300180030","F_BH-KD _GT_PF","Sale","S1"
"3300180031","F_BH-KD _GT_Others","Sale","S1"
"3300180032","F_BH-KD _MT_Pork","Sale","S1"
"3300180033","F_BH-KD _MT_Chicken","Sale","S1"
"3300180034","F_BH-KD _MT_PF","Sale","S1"
"3300180035","F_BH-KD _MT_Others","Sale","S1"
"3300180036","F_BH-KD _HOR_Pork","Sale","S1"
"3300180037","F_BH-KD _HOR_Chicken","Sale","S1"
"3300180038","F_BH-KD _HOR_PF","Sale","S1"
"3300180039","F_BH-KD _HOR_Others","Sale","S1"
"3300180040","F_BH-KD _SEA_Pork","Sale","S1"
"3300180041","F_BH-KD _SEA_Chicken","Sale","S1"
"3300180042","F_BH-KD _SEA_PF","Sale","S1"
"3300180043","F_BH-KD _SEA_Others","Sale","S1"
"3300180044","F_BH-KD _INT_Pork","Sale","S1"
"3300180045","F_BH-KD _INT_Chicken","Sale","S1"
"3300180046","F_BH-KD _INT_PF","Sale","S1"
"3300180047","F_BH-KD _INT_Others","Sale","S1"
"3300180111","F_CPBH-KD MMC_Retail","Retails","S2"
"3300180112","F_CPBH-KD MMC_Lẻ","Sale","S1"
"3300180113","F_CPBH-KD MMC_Sỉ","Sale","S1"
"3300180115","F_CPBH-KD MMC_HRC","Sale","S1"
"3300180201","F_CPBH-KD MB","Sale","S1"
"3300180213","F_CPBH-KD MB_GT","Sale","S1"
"3300180214","F_CPBH-KD MB_MT","Sale","S1"
"3300180215","F_CPBH-KD MB_Horeca","Sale","S1"
"3300180216","F_BH-KD MB_GT_Pork","Sale","S1"
"3300180217","F_BH-KD MB_GT_CKN","Sale","S1"
"3300180218","F_BH-KD MB_GT_PF","Sale","S1"
"3300180219","F_BH-KD MB_GT_Others","Sale","S1"
"3300180220","F_BH-KD MB_MT_Pork","Sale","S1"
"3300180221","F_BH-KD MB_MT_CKN","Sale","S1"
"3300180222","F_BH-KD MB_MT_PF","Sale","S1"
"3300180223","F_BH-KD MB_MT_Others","Sale","S1"
"3300180224","F_BH-KD MB_HOR_Pork","Sale","S1"
"3300180225","F_BH-KD MB_HOR_CKN","Sale","S1"
"3300180226","F_BH-KD MB_HOR_PF","Sale","S1"
"3300180227","F_BH-KD MB_HOR_OTHS","Sale","S1"
"3300180228","F_BH-KD MB_Other","Sale","S1"
"3300180313","F_CPBH-KD MTr_GT","Sale","S1"
"3300180315","F_CPBH-KD MTr_Horeca","Sale","S1"
"3300180401","F_CPBH-KD F&B","Retails","S2"
"3300187003","F_CPBH_Pha lóc","Sale","S1"
"3300187004","F_CPBH_Chế biến","Sale","S1"
"3300187005","F_BH_Chicken","Sale","S1"
"3300187006","F_BH_Other","Sale","S1"
"3300187007","F_BH_Retail_Pork","Retails","S2"
"3300187008","F_BH_Retail_Chicken","Retails","S2"
"3300187009","F_BH_Retail_PF","Retails","S2"
"3300187010","F_BH_Retail_Others","Retails","S2"
"3300187011","F_BH_Ecom_Pork","Retails","S2"
"3300187012","F_BH_Ecom_Chicken","Retails","S2"
"3300187013","F_BH_Ecom_PF","Retails","S2"
"3300187014","F_BH_Ecom_Others","Retails","S2"
"3300187015","F_BH_GT_Pork","Sale","S1"
"3300187016","F_BH_GT_Chicken","Sale","S1"
"3300187017","F_BH_GT_PF","Sale","S1"
"3300187018","F_BH_GT_Others","Sale","S1"
"3300187019","F_BH_MT_Pork","Sale","S1"
"3300187020","F_BH_MT_Chicken","Sale","S1"
"3300187021","F_BH_MT_PF","Sale","S1"
"3300187022","F_BH_MT_Others","Sale","S1"
"3300187023","F_BH_HRC_Pork","Sale","S1"
"3300187024","F_BH_HRC_Chicken","Sale","S1"
"3300187025","F_BH_HRC_PF","Sale","S1"
"3300187026","F_BH_HRC_Others","Sale","S1"
"3300187027","F_BH_SEA_Pork","Sale","S1"
"3300187028","F_BH_SEA_Chicken","Sale","S1"
"3300187029","F_BH_SEA_PF","Sale","S1"
"3300187030","F_BH_SEA_Others","Sale","S1"
"3300187031","F_BH_INT_Pork","Sale","S1"
"3300187032","F_BH_INT_Chicken","Sale","S1"
"3300187033","F_BH_INT_PF","Sale","S1"
"3300187034","F_BH_INT_Others","Sale","S1"
"3300187101","F_CPBH-Mar","Marketing","S3"
"3300187102","F_BH_Mar _Pork","Marketing","S3"
"3300187103","F_BH_Mar _Chicken","Marketing","S3"
"3300187104","F_BH_Mar _PF","Marketing","S3"
"3300187111","F_CPBH-Mar _Retail","Retails","S2"
"3300187112","F_CPBH-Mar _Ecom","Retails","S2"
"3300187113","F_CPBH-Mar _GT","Marketing","S3"
"3300187114","F_CPBH-Mar _MT","Marketing","S3"
"3300187115","F_CPBH-Mar _Horeca","Marketing","S3"
"3300187116","F_CPBH-Mar _Seasonal","Marketing","S3"
"3300187117","F_CPBH-Mar _MMC","Marketing","S3"
"3300187118","F_CPBH-Mar _Internal","Marketing","S3"
"3300187119","F_CPBH-Mar _Other","Marketing","S3"
"3300187120","F_BH_Mar _RET_Pork","Marketing","S3"
"3300187121","F_BH_Mar _RET_CKN","Marketing","S3"
"3300187122","F_BH_Mar _RET_PF","Marketing","S3"
"3300187123","F_BH_Mar _RET_Others","Marketing","S3"
"3300187124","F_BH_Mar _ECO_Pork","Marketing","S3"
"3300187125","F_BH_Mar _ECO_CKN","Marketing","S3"
"3300187126","F_BH_Mar _ECO_PF","Marketing","S3"
"3300187127","F_BH_Mar _ECO_Others","Marketing","S3"
"3300187128","F_BH_Mar _GT_Pork","Marketing","S3"
"3300187129","F_BH_Mar _GT_Chicken","Marketing","S3"
"3300187130","F_BH_Mar _GT_PF","Marketing","S3"
"3300187131","F_BH_Mar _GT_Others","Marketing","S3"
"3300187132","F_BH_Mar _MT_Pork","Marketing","S3"
"3300187133","F_BH_Mar _MT_Chicken","Marketing","S3"
"3300187134","F_BH_Mar _MT_PF","Marketing","S3"
"3300187135","F_BH_Mar _MT_Others","Marketing","S3"
"3300187136","F_BH_Mar _HRC_Pork","Marketing","S3"
"3300187137","F_BH_Mar _HRC_CKN","Marketing","S3"
"3300187138","F_BH_Mar _HRC_PF","Marketing","S3"
"3300187139","F_BH_Mar _HRC_Others","Marketing","S3"
"3300187140","F_BH_Mar _SEA_Pork","Marketing","S3"
"3300187141","F_BH_Mar _SEA_CKN","Marketing","S3"
"3300187142","F_BH_Mar _SEA_PF","Marketing","S3"
"3300187143","F_BH_Mar _SEA_Others","Marketing","S3"
"3300187144","F_BH_Mar _INT_Pork","Marketing","S3"
"3300187145","F_BH_Mar _INT_CKN","Marketing","S3"
"3300187146","F_BH_Mar _INT_PF","Marketing","S3"
"3300187147","F_BH_Mar _INT_Others","Marketing","S3"
"3300187201","F_CPBH-T.Hiệu TT","Marketing","S3"
"3300187217","F_CPBH-T.Hiệu TT_MMC","Marketing","S3"
"3300187301","F_CPBH-bán lẻ & TM","Retails","S2"
"3300187401","F_CPBH-nghiên cứu TT","Trade","S6"
"3300187501","F_CPBH-Sale admin","Sale","S1"
"3300187502","F_CPBH-Sale admin_MB","Sale","S1"
"3300187517","F_CPBH-Sale adm_MMC","Sale","S1"
"3300187601","F_CPBH-Tiếp thị TM","Trade","S6"
"3300187602","F_BH_TTTM_Pork","Trade","S6"
"3300187603","F_BH_TTTM_Chicken","Trade","S6"
"3300187604","F_BH_TTTM_PF","Trade","S6"
"3300187605","F_BH_TTTM_Other","Trade","S6"
"3300187617","F_CPBH-T.Thị TM_MMC","Trade","S6"
"3300187701","F_CPBH-QA","QA","S9"
"3300187702","F_CPBH-BP QA_MB","QA","S9"
"3300187801","F_CPBH-Log","Logistic","S4"
"3300187817","F_CPBH-BP Log_MMC","Logistic","S4"
"3300187850","F_CPBH-BP Log_Gnhan","Logistic","S4"
"3300187851","F_CPBH-BP Log_VHVT","Logistic","S4"
"3300187852","F_CPBH-Log_GNhan_MB","Logistic","S4"
"3300187901","F_CPBH-Kho","Warehouse","S5"
"3300187902","F_CPBH-Kho_MB","Warehouse","S5"
"3300188001","F_CPBH-BP CCU","Supply Chain","S10"
"3300188101","F_CPBH-BP Planning","Planning","S8"
"3300188201","F_CPBH-BP R&D","R&D","S7"
"3300189001","F_CPBH-BP Activation","Retails","S2"
"3300189011","F_BH-Activate_Retail","Retails","S2"
"3300189012","F_BH-Activate_Ecom","Retails","S2"
"3300189013","F_BH-Activate_GT","Marketing","S3"
"3300189014","F_BH-Activate_MT","Marketing","S3"
"3300189015","F_BH-Activate_Horeca","Marketing","S3"
"3300189016","F_BH-Activate_Season","Marketing","S3"
"3300189017","F_BH-Activate_Trader","Marketing","S3"
"3300190600","F_CPQL-HC & PTNNL_HO","HR","C3"
"3300190601","F_CPQL-HC & PTNNL","HR","C3"
"3300190617","F_CPQL-HC &PTNNL_MMC","HR","C3"
"3300191000","F_CPQL-TC-KT_HO","Finance","C2"
"3300191001","F_CPQL-TC-KT","Finance","C2"
"3300191002","F_CPQL-TC-KT_MB","Finance","C2"
"3300191017","F_CPQL-TC-KT_MMC","Finance","C2"
"3300191101","F_CPQL-Thu mua","Purchasing","C1"
"3300191801","F_CPQL-IT","IT","C4"
"3300192401","F_CPQL-QA","QA","S9"
"3300192417","F_CPQL-QA_MMC","QA","S9"
"3300193101","F_CPQL-R&D","R&D","S7"
"3300287101","F_CN HN_CPBH-Mar","Marketing","S3"
"3300291001","F_CN HN_CPQL-TC-KT","Finance","C2"
"3300387101","F_CN ĐN_CPBH-Mar","Marketing","S3"
"3300391001","F_CN ĐN_CPQL-TC-KT","Finance","C2"
"3310117301","DNF_SX-QA","QA","S9"
"3310187101","DNF_CPBH-Mar","Marketing","S3"
"3310187901","DNF_CPBH-Kho","Warehouse","S5"
"3310188101","DNF_CPBH-BP Planning","Planning","S8"
"3310188201","DNF_CPBH-BP R&D","R&D","S7"
"3310190601","DNF_CPQL-HC & PTNNL","HR","C3"
"3310191001","DNF_CPQL-TC-KT","Finance","C2"
"3310191101","DNF_CPQL-Thu mua","Purchasing","C1"
"3310191801","DNF_CPQL-IT","IT","C4"
"3310192401","DNF_CPQL-QA","QA","S9"
"3310193001","DNF_CPQL-Planning","Planning","S8"
"3310193101","DNF_CPQL-R&D","R&D","S7"
"3320191001","LBC_CPQL-TC-KT","Finance","C2"
"3320192401","QA/QC LBC","QA","S9"
"Q5-02E-F01-F00","G_BP tai chinh - ke toan","Finance","C2"
"Q5-02E-H01-F00","G_BP hanh chinh nhan su","HR","C3"
"Q5-02E-H01-F50","G_BP hanh chinh nhan su_Bundle","HR","C3"
"Q5-02E-I01-F00","G_BP IT","IT","C4"
"Q5-02E-L01-F00","G_BP Log","Logistic","S4"
"Q5-02E-P01-F00","G_BP Thu mua","Purchasing","C1"
"Q5-02E-S01-F00","G_BP Marketing","Marketing","S3"
"Q5-02E-S72-F00","Gnifique_BP KD Meatshop","Retails","S2"
"Q5-02E-S79-F00","G_HCM_Ecom","Retails","S2"
"Q5-02G-000-F00","G_MS_Kho DC","Retails","S2"
"Q5-02G-000-F05","G_MS_Kho DC_Thit pha loc","Retails","S2"
"Q5-02G-000-F06","G_MS_Kho DC_Thit khac(dau&lon)","Retails","S2"
"Q5-02G-000-F22","G_MS_Kho DC_Gà","Retails","S2"
"Q5-02G-000-F24","G_MS_Kho DC- Trung","Retails","S2"
"Q5-02G-000-F50","G_MS_Kho DC- Bunde","Retails","S2"
"Q5-02G-000-F51","G_MS_Kho DC- Hang hoa","Retails","S2"
"Q5-02G-000-F52","G_MS_Kho DC- Hai san","Retails","S2"
"Q5-02G-000-F53","G_MS_Kho DC- Bo","Retails","S2"
"Q5-02G-000-F70","G_MS_Kho DC- SPCB","Retails","S2"
"Q5-02G-001-F00","G_MS_Kho tong hop","Retails","S2"
"Q5-02G-001-F71","G_MS_Kho tong hop","Retails","S2"
"Q5-02G-002-F00","G_MS_NGUYEN VAN LUONG","Retails","S2"
"Q5-02G-002-F05","G_MS_NG VAN LUONG- Pha loc","Retails","S2"
"Q5-02G-002-F06","G_MS_NG VAN LUONG -(dau&long)","Retails","S2"
"Q5-02G-002-F22","G_MS_NG VAN LUONG -Ga da giet","Retails","S2"
"Q5-02G-002-F24","G_MS_NG VAN LUONG - Trung","Retails","S2"
"Q5-02G-002-F50","G_MS_NGUYEN VAN LUONG-Bunde","Retails","S2"
"Q5-02G-002-F51","G_MS_NG VAN LUONG - Hang hoa","Retails","S2"
"Q5-02G-002-F52","G_MS_NG VAN LUONG - Hai san","Retails","S2"
"Q5-02G-002-F53","G_MS_NG VAN LUONG - Bo","Retails","S2"
"Q5-02G-002-F70","G_MS_NG VAN LUONG - SPCB","Retails","S2"
"Q5-02G-002-F71","G_MS_NGUYEN VAN LUONG","Retails","S2"
"Q5-02G-002-F72","G_MS_NG VAN LUONG - Ready Meal","Retails","S2"
"Q5-02G-003-F00","G_MS_PHAN CHU TRINH","Retails","S2"
"Q5-02G-003-F05","G_MS_PHAN CHU TRINH-Pha loc","Retails","S2"
"Q5-02G-003-F06","G_MS_PHAN CHU TRINH-(dau&long)","Retails","S2"
"Q5-02G-003-F22","G_MS_PHAN CHU TRINH-Ga da giet","Retails","S2"
"Q5-02G-003-F24","G_MS_PHAN CHU TRINH- Trung","Retails","S2"
"Q5-02G-003-F50","G_MS_PHAN CHU TRINH-Bunde","Retails","S2"
"Q5-02G-003-F51","G_MS_PHAN CHU TRINH-Hang hoa","Retails","S2"
"Q5-02G-003-F52","G_MS_PHAN CHU TRINH-Hai san","Retails","S2"
"Q5-02G-003-F53","G_MS_PHAN CHU TRINH-Bo","Retails","S2"
"Q5-02G-003-F70","G_MS_PHAN CHU TRINH-SPCB","Retails","S2"
"Q5-02G-003-F71","G_MS_PHAN CHU TRINH","Retails","S2"
"Q5-02G-003-F72","G_MS_PHAN CHU TRINH-Ready Meal","Retails","S2"
"Q5-02G-004-F00","G_MS_NGUYEN VAN THUONG","Retails","S2"
"Q5-02G-004-F05","G_MS_NG VAN THUONG-Pha loc","Retails","S2"
"Q5-02G-004-F06","G_MS_NG VAN THUONG-(dau&long)","Retails","S2"
"Q5-02G-004-F22","G_MS_NG VAN THUONG-Ga da giet","Retails","S2"
"Q5-02G-004-F24","G_MS_NG VAN THUONG- Trung","Retails","S2"
"Q5-02G-004-F50","G_MS_NGUYEN VAN THUONG-Bunde","Retails","S2"
"Q5-02G-004-F51","G_MS_NG VAN THUONG-Hang hoa","Retails","S2"
"Q5-02G-004-F52","G_MS_NG VAN THUONG-Hai san","Retails","S2"
"Q5-02G-004-F53","G_MS_NG VAN THUONG-Bo","Retails","S2"
"Q5-02G-004-F70","G_MS_NG VAN THUONG-SPCB","Retails","S2"
"Q5-02G-004-F71","G_MS_NGUYEN VAN THUONG","Retails","S2"
"Q5-02G-004-F72","G_MS_NG VAN THUONG-Ready Meal","Retails","S2"
"Q5-02G-005-F00","G_MS_QUOC HUONG","Retails","S2"
"Q5-02G-005-F05","G_MS_QUOC HUONG-Pha loc","Retails","S2"
"Q5-02G-005-F06","G_MS_QUOC HUONG-(dau&long)","Retails","S2"
"Q5-02G-005-F22","G_MS_QUOC HUONG-Ga da giet mo","Retails","S2"
"Q5-02G-005-F24","G_MS_QUOC HUONG- Trung","Retails","S2"
"Q5-02G-005-F50","G_MS_QUOC HUONG-Bunde","Retails","S2"
"Q5-02G-005-F51","G_MS_QUOC HUONG-Hang hoa","Retails","S2"
"Q5-02G-005-F52","G_MS_QUOC HUONG-Hai san","Retails","S2"
"Q5-02G-005-F53","G_MS_QUOC HUONG-Bo","Retails","S2"
"Q5-02G-005-F70","G_MS_QUOC HUONG-SPCB","Retails","S2"
"Q5-02G-005-F71","G_MS_QUOC HUONG","Retails","S2"
"Q5-02G-005-F72","G_MS_QUOC HUONG-Ready Meal","Retails","S2"
"Q5-02G-006-F00","G_MS_TAN HOA DONG","Retails","S2"
"Q5-02G-006-F05","G_MS_TAN HOA DONG-Pha loc","Retails","S2"
"Q5-02G-006-F06","G_MS_TAN HOA DONG-(dau&long)","Retails","S2"
"Q5-02G-006-F22","G_MS_TAN HOA DONG-Ga da giet m","Retails","S2"
"Q5-02G-006-F24","G_MS_TAN HOA DONG- Trung","Retails","S2"
"Q5-02G-006-F50","G_MS_TAN HOA DONG-Bunde","Retails","S2"
"Q5-02G-006-F51","G_MS_TAN HOA DONG-Hang hoa","Retails","S2"
"Q5-02G-006-F52","G_MS_TAN HOA DONG-Hai san","Retails","S2"
"Q5-02G-006-F53","G_MS_TAN HOA DONG-Bo","Retails","S2"
"Q5-02G-006-F70","G_MS_TAN HOA DONG-SPCB","Retails","S2"
"Q5-02G-006-F71","G_MS_TAN HOA DONG","Retails","S2"
"Q5-02G-006-F72","G_MS_TAN HOA DONG-Ready Meal","Retails","S2"
"Q5-02G-007-F00","G_MS_NGO TAT TO","Retails","S2"
"Q5-02G-007-F05","G_MS_NGO TAT TO-Pha loc","Retails","S2"
"Q5-02G-007-F06","G_MS_NGO TAT TO-(dau&long)","Retails","S2"
"Q5-02G-007-F22","G_MS_NGO TAT TO-Ga da giet mo","Retails","S2"
"Q5-02G-007-F24","G_MS_NGO TAT TO- Trung","Retails","S2"
"Q5-02G-007-F50","G_MS_NGO TAT TO-Bunde","Retails","S2"
"Q5-02G-007-F51","G_MS_NGO TAT TO-Hang hoa","Retails","S2"
"Q5-02G-007-F52","G_MS_NGO TAT TO-Hai san","Retails","S2"
"Q5-02G-007-F53","G_MS_NGO TAT TO-Bo","Retails","S2"
"Q5-02G-007-F70","G_MS_NGO TAT TO-SPCB","Retails","S2"
"Q5-02G-007-F71","G_MS_NGO TAT TO","Retails","S2"
"Q5-02G-007-F72","G_MS_NGO TAT TO-Ready Meal","Retails","S2"
"Q5-02G-008-F00","G_MS_PHAM VAN HAI","Retails","S2"
"Q5-02G-008-F05","G_MS_PHAM VAN HAI-Pha loc","Retails","S2"
"Q5-02G-008-F06","G_MS_PHAM VAN HAI-(dau&long)","Retails","S2"
"Q5-02G-008-F22","G_MS_PHAM VAN HAI-Ga da giet m","Retails","S2"
"Q5-02G-008-F24","G_MS_PHAM VAN HAI- Trung","Retails","S2"
"Q5-02G-008-F50","G_MS_PHAM VAN HAI-Bunde","Retails","S2"
"Q5-02G-008-F51","G_MS_PHAM VAN HAI-Hang hoa","Retails","S2"
"Q5-02G-008-F52","G_MS_PHAM VAN HAI-Hai san","Retails","S2"
"Q5-02G-008-F53","G_MS_PHAM VAN HAI-Bo","Retails","S2"
"Q5-02G-008-F70","G_MS_PHAM VAN HAI-SPCB","Retails","S2"
"Q5-02G-008-F71","G_MS_PHAM VAN HAI","Retails","S2"
"Q5-02G-008-F72","G_MS_PHAM VAN HAI-Ready Meal","Retails","S2"
"Q5-02G-009-F00","G_MS_NGUYEN DUY TRINH","Retails","S2"
"Q5-02G-009-F05","G_MS_NGUYEN DUY TRINH-Pha loc","Retails","S2"
"Q5-02G-009-F06","G_MS_NGUYEN DUY TRINH-(dau&lon","Retails","S2"
"Q5-02G-009-F22","G_MS_NGUYEN DUY TRINH-Ga da gi","Retails","S2"
"Q5-02G-009-F24","G_MS_NGUYEN DUY TRINH- Trung","Retails","S2"
"Q5-02G-009-F50","G_MS_NGUYEN DUY TRINH-Bunde","Retails","S2"
"Q5-02G-009-F51","G_MS_NGUYEN DUY TRINH-Hang hoa","Retails","S2"
"Q5-02G-009-F52","G_MS_NGUYEN DUY TRINH-Hai san","Retails","S2"
"Q5-02G-009-F53","G_MS_NGUYEN DUY TRINH-Bo","Retails","S2"
"Q5-02G-009-F70","G_MS_NGUYEN DUY TRINH-SPCB","Retails","S2"
"Q5-02G-009-F71","G_MS_NGUYEN DUY TRINH","Retails","S2"
"Q5-02G-009-F72","G_MS_NGUYEN DUY TRINH-Ready Me","Retails","S2"
"Q5-02G-010-F00","G_MS_DOC LAP","Retails","S2"
"Q5-02G-010-F05","G_MS_DOC LAP-Pha loc","Retails","S2"
"Q5-02G-010-F06","G_MS_DOC LAP-(dau&long)","Retails","S2"
"Q5-02G-010-F22","G_MS_DOC LAP-Ga da giet mo","Retails","S2"
"Q5-02G-010-F24","G_MS_DOC LAP- Trung","Retails","S2"
"Q5-02G-010-F50","G_MS_DOC LAP-Bunde","Retails","S2"
"Q5-02G-010-F51","G_MS_DOC LAP-Hang hoa","Retails","S2"
"Q5-02G-010-F52","G_MS_DOC LAP-Hai san","Retails","S2"
"Q5-02G-010-F53","G_MS_DOC LAP-Bo","Retails","S2"
"Q5-02G-010-F70","G_MS_DOC LAP-SPCB","Retails","S2"
"Q5-02G-010-F71","G_MS_DOC LAP","Retails","S2"
"Q5-02G-010-F72","G_MS_DOC LAP-Ready Meal","Retails","S2"
"Q5-02G-011-F00","G_MS_LY PHUC MAN","Retails","S2"
"Q5-02G-011-F05","G_MS_LY PHUC MAN-Pha loc","Retails","S2"
"Q5-02G-011-F06","G_MS_LY PHUC MAN-(dau&long)","Retails","S2"
"Q5-02G-011-F22","G_MS_LY PHUC MAN-Ga da giet mo","Retails","S2"
"Q5-02G-011-F24","G_MS_LY PHUC MAN- Trung","Retails","S2"
"Q5-02G-011-F50","G_MS_LY PHUC MAN-Bunde","Retails","S2"
"Q5-02G-011-F51","G_MS_LY PHUC MAN-Hang hoa","Retails","S2"
"Q5-02G-011-F52","G_MS_LY PHUC MAN-Hai san","Retails","S2"
"Q5-02G-011-F53","G_MS_LY PHUC MAN-Bo","Retails","S2"
"Q5-02G-011-F70","G_MS_LY PHUC MAN-SPCB","Retails","S2"
"Q5-02G-011-F71","G_MS_LY PHUC MAN","Retails","S2"
"Q5-02G-011-F72","G_MS_LY PHUC MAN-Ready Meal","Retails","S2"
"Q5-02G-012-F00","G_MS_BUI VAN BA","Retails","S2"
"Q5-02G-012-F05","G_MS_BUI VAN BA-Pha loc","Retails","S2"
"Q5-02G-012-F06","G_MS_BUI VAN BA-(dau&long)","Retails","S2"
"Q5-02G-012-F22","G_MS_BUI VAN BA-Ga da giet mo","Retails","S2"
"Q5-02G-012-F24","G_MS_BUI VAN BA- Trung","Retails","S2"
"Q5-02G-012-F50","G_MS_BUI VAN BA-Bunde","Retails","S2"
"Q5-02G-012-F51","G_MS_BUI VAN BA-Hang hoa","Retails","S2"
"Q5-02G-012-F52","G_MS_BUI VAN BA-Hai san","Retails","S2"
"Q5-02G-012-F53","G_MS_BUI VAN BA-Bo","Retails","S2"
"Q5-02G-012-F70","G_MS_BUI VAN BA-SPCB","Retails","S2"
"Q5-02G-012-F71","G_MS_BUI VAN BA","Retails","S2"
"Q5-02G-012-F72","G_MS_BUI VAN BA-Ready Meal","Retails","S2"
"Q5-02G-013-F00","G_MS_HOANG HOA THAM(Tan B","Retails","S2"
"Q5-02G-013-F05","G_MS_HOANG HOA THAM(Tan B-Pha","Retails","S2"
"Q5-02G-013-F06","G_MS_HOANG HOA THAM(Tan B-(dau","Retails","S2"
"Q5-02G-013-F22","G_MS_HOANG HOA THAM(Tan B-Ga d","Retails","S2"
"Q5-02G-013-F24","G_MS_HOANG HOA THAM(Tan B- Tru","Retails","S2"
"Q5-02G-013-F50","G_MS_HOANG HOA THAM(Tan B-Bund","Retails","S2"
"Q5-02G-013-F51","G_MS_HOANG HOA THAM(Tan B-Hang","Retails","S2"
"Q5-02G-013-F52","G_MS_HOANG HOA THAM(Tan B-Hai","Retails","S2"
"Q5-02G-013-F53","G_MS_HOANG HOA THAM(Tan B-Bo","Retails","S2"
"Q5-02G-013-F70","G_MS_HOANG HOA THAM(Tan B-SPCB","Retails","S2"
"Q5-02G-013-F71","G_MS_HOANG HOA THAM(Tan B","Retails","S2"
"Q5-02G-013-F72","G_MS_HOANG HOA THAM(Tan B-Read","Retails","S2"
"Q5-02G-014-F00","G_MS_TRAN MAI NINH","Retails","S2"
"Q5-02G-014-F05","G_MS_TRAN MAI NINH-Pha loc","Retails","S2"
"Q5-02G-014-F06","G_MS_TRAN MAI NINH-(dau&long)","Retails","S2"
"Q5-02G-014-F22","G_MS_TRAN MAI NINH-Ga da giet","Retails","S2"
"Q5-02G-014-F24","G_MS_TRAN MAI NINH- Trung","Retails","S2"
"Q5-02G-014-F50","G_MS_TRAN MAI NINH-Bunde","Retails","S2"
"Q5-02G-014-F51","G_MS_TRAN MAI NINH-Hang hoa","Retails","S2"
"Q5-02G-014-F52","G_MS_TRAN MAI NINH-Hai san","Retails","S2"
"Q5-02G-014-F53","G_MS_TRAN MAI NINH-Bo","Retails","S2"
"Q5-02G-014-F70","G_MS_TRAN MAI NINH-SPCB","Retails","S2"
"Q5-02G-014-F71","G_MS_TRAN MAI NINH","Retails","S2"
"Q5-02G-014-F72","G_MS_TRAN MAI NINH-Ready Meal","Retails","S2"
"Q5-02G-015-F00","G_MS_HOANG NGOC PHACH","Retails","S2"
"Q5-02G-015-F05","G_MS_HOANG NGOC PHACH-Pha loc","Retails","S2"
"Q5-02G-015-F06","G_MS_HOANG NGOC PHACH-(dau&lon","Retails","S2"
"Q5-02G-015-F22","G_MS_HOANG NGOC PHACH-Ga da gi","Retails","S2"
"Q5-02G-015-F24","G_MS_HOANG NGOC PHACH- Trung","Retails","S2"
"Q5-02G-015-F50","G_MS_HOANG NGOC PHACH-Bunde","Retails","S2"
"Q5-02G-015-F51","G_MS_HOANG NGOC PHACH-Hang hoa","Retails","S2"
"Q5-02G-015-F52","G_MS_HOANG NGOC PHACH-Hai san","Retails","S2"
"Q5-02G-015-F53","G_MS_HOANG NGOC PHACH-Bo","Retails","S2"
"Q5-02G-015-F70","G_MS_HOANG NGOC PHACH-SPCB","Retails","S2"
"Q5-02G-015-F71","G_MS_HOANG NGOC PHACH","Retails","S2"
"Q5-02G-015-F72","G_MS_HOANG NGOC PHACH-Ready Me","Retails","S2"
"Q5-02G-016-F00","G_MS_PHAM VAN CHIEU","Retails","S2"
"Q5-02G-016-F05","G_MS_PHAM VAN CHIEU-Pha loc","Retails","S2"
"Q5-02G-016-F06","G_MS_PHAM VAN CHIEU-(dau&long)","Retails","S2"
"Q5-02G-016-F22","G_MS_PHAM VAN CHIEU-Ga da giet","Retails","S2"
"Q5-02G-016-F24","G_MS_PHAM VAN CHIEU- Trung","Retails","S2"
"Q5-02G-016-F50","G_MS_PHAM VAN CHIEU-Bunde","Retails","S2"
"Q5-02G-016-F51","G_MS_PHAM VAN CHIEU-Hang hoa","Retails","S2"
"Q5-02G-016-F52","G_MS_PHAM VAN CHIEU-Hai san","Retails","S2"
"Q5-02G-016-F53","G_MS_PHAM VAN CHIEU-Bo","Retails","S2"
"Q5-02G-016-F70","G_MS_PHAM VAN CHIEU-SPCB","Retails","S2"
"Q5-02G-016-F71","G_MS_PHAM VAN CHIEU","Retails","S2"
"Q5-02G-016-F72","G_MS_PHAM VAN CHIEU-Ready Meal","Retails","S2"
"Q5-02G-017-F00","G_MS_BONG SAO","Retails","S2"
"Q5-02G-017-F05","G_MS_BONG SAO-Pha loc","Retails","S2"
"Q5-02G-017-F06","G_MS_BONG SAO-(dau&long)","Retails","S2"
"Q5-02G-017-F22","G_MS_BONG SAO-Ga da giet mo","Retails","S2"
"Q5-02G-017-F24","G_MS_BONG SAO- Trung","Retails","S2"
"Q5-02G-017-F50","G_MS_BONG SAO-Bunde","Retails","S2"
"Q5-02G-017-F51","G_MS_BONG SAO-Hang hoa","Retails","S2"
"Q5-02G-017-F52","G_MS_BONG SAO-Hai san","Retails","S2"
"Q5-02G-017-F53","G_MS_BONG SAO-Bo","Retails","S2"
"Q5-02G-017-F70","G_MS_BONG SAO-SPCB","Retails","S2"
"Q5-02G-017-F71","G_MS_BONG SAO","Retails","S2"
"Q5-02G-017-F72","G_MS_BONG SAO-Ready Meal","Retails","S2"
"Q5-02G-018-F00","G_MS_TO HIEN THANH","Retails","S2"
"Q5-02G-018-F05","G_MS_TO HIEN THANH-Pha loc","Retails","S2"
"Q5-02G-018-F06","G_MS_TO HIEN THANH-(dau&long)","Retails","S2"
"Q5-02G-018-F22","G_MS_TO HIEN THANH-Ga da giet","Retails","S2"
"Q5-02G-018-F24","G_MS_TO HIEN THANH- Trung","Retails","S2"
"Q5-02G-018-F50","G_MS_TO HIEN THANH-Bunde","Retails","S2"
"Q5-02G-018-F51","G_MS_TO HIEN THANH-Hang hoa","Retails","S2"
"Q5-02G-018-F52","G_MS_TO HIEN THANH-Hai san","Retails","S2"
"Q5-02G-018-F53","G_MS_TO HIEN THANH-Bo","Retails","S2"
"Q5-02G-018-F70","G_MS_TO HIEN THANH-SPCB","Retails","S2"
"Q5-02G-018-F71","G_MS_TO HIEN THANH","Retails","S2"
"Q5-02G-018-F72","G_MS_TO HIEN THANH-Ready Meal","Retails","S2"
"Q5-02G-019-F00","G_MS_TRAN VAN QUANG","Retails","S2"
"Q5-02G-019-F05","G_MS_TRAN VAN QUANG-Pha loc","Retails","S2"
"Q5-02G-019-F06","G_MS_TRAN VAN QUANG-(dau&long)","Retails","S2"
"Q5-02G-019-F22","G_MS_TRAN VAN QUANG-Ga da giet","Retails","S2"
"Q5-02G-019-F24","G_MS_TRAN VAN QUANG- Trung","Retails","S2"
"Q5-02G-019-F50","G_MS_TRAN VAN QUANG-Bunde","Retails","S2"
"Q5-02G-019-F51","G_MS_TRAN VAN QUANG-Hang hoa","Retails","S2"
"Q5-02G-019-F52","G_MS_TRAN VAN QUANG-Hai san","Retails","S2"
"Q5-02G-019-F53","G_MS_TRAN VAN QUANG-Bo","Retails","S2"
"Q5-02G-019-F70","G_MS_TRAN VAN QUANG-SPCB","Retails","S2"
"Q5-02G-019-F71","G_MS_TRAN VAN QUANG","Retails","S2"
"Q5-02G-019-F72","G_MS_TRAN VAN QUANG-Ready Meal","Retails","S2"
"Q5-02G-020-F00","G_MS_TRUNG MY TAY","Retails","S2"
"Q5-02G-020-F05","G_MS_TRUNG MY TAY-Pha loc","Retails","S2"
"Q5-02G-020-F06","G_MS_TRUNG MY TAY-(dau&long)","Retails","S2"
"Q5-02G-020-F22","G_MS_TRUNG MY TAY-Ga da giet m","Retails","S2"
"Q5-02G-020-F24","G_MS_TRUNG MY TAY- Trung","Retails","S2"
"Q5-02G-020-F50","G_MS_TRUNG MY TAY-Bunde","Retails","S2"
"Q5-02G-020-F51","G_MS_TRUNG MY TAY-Hang hoa","Retails","S2"
"Q5-02G-020-F52","G_MS_TRUNG MY TAY-Hai san","Retails","S2"
"Q5-02G-020-F53","G_MS_TRUNG MY TAY-Bo","Retails","S2"
"Q5-02G-020-F70","G_MS_TRUNG MY TAY-SPCB","Retails","S2"
"Q5-02G-020-F71","G_MS_TRUNG MY TAY","Retails","S2"
"Q5-02G-020-F72","G_MS_TRUNG MY TAY-Ready Meal","Retails","S2"
"Q5-02G-021-F00","G_MS_CACH MANG THANG 8","Retails","S2"
"Q5-02G-021-F05","G_MS_CACH MANG THANG 8-Pha loc","Retails","S2"
"Q5-02G-021-F06","G_MS_CACH MANG THANG 8-(dau&lo","Retails","S2"
"Q5-02G-021-F22","G_MS_CACH MANG THANG 8-Ga da g","Retails","S2"
"Q5-02G-021-F24","G_MS_CACH MANG THANG 8- Trung","Retails","S2"
"Q5-02G-021-F50","G_MS_CACH MANG THANG 8-Bunde","Retails","S2"
"Q5-02G-021-F51","G_MS_CACH MANG THANG 8-Hang ho","Retails","S2"
"Q5-02G-021-F52","G_MS_CACH MANG THANG 8-Hai san","Retails","S2"
"Q5-02G-021-F53","G_MS_CACH MANG THANG 8-Bo","Retails","S2"
"Q5-02G-021-F70","G_MS_CACH MANG THANG 8-SPCB","Retails","S2"
"Q5-02G-021-F71","G_MS_CACH MANG THANG 8","Retails","S2"
"Q5-02G-021-F72","G_MS_CACH MANG THANG 8-Ready M","Retails","S2"
"Q5-02G-022-F00","G_MS_PHAM VAN BACH","Retails","S2"
"Q5-02G-022-F05","G_MS_PHAM VAN BACH-Pha loc","Retails","S2"
"Q5-02G-022-F06","G_MS_PHAM VAN BACH-(dau&long)","Retails","S2"
"Q5-02G-022-F22","G_MS_PHAM VAN BACH-Ga da giet","Retails","S2"
"Q5-02G-022-F24","G_MS_PHAM VAN BACH- Trung","Retails","S2"
"Q5-02G-022-F50","G_MS_PHAM VAN BACH-Bunde","Retails","S2"
"Q5-02G-022-F51","G_MS_PHAM VAN BACH-Hang hoa","Retails","S2"
"Q5-02G-022-F52","G_MS_PHAM VAN BACH-Hai san","Retails","S2"
"Q5-02G-022-F53","G_MS_PHAM VAN BACH-Bo","Retails","S2"
"Q5-02G-022-F70","G_MS_PHAM VAN BACH-SPCB","Retails","S2"
"Q5-02G-022-F71","G_MS_PHAM VAN BACH","Retails","S2"
"Q5-02G-022-F72","G_MS_PHAM VAN BACH-Ready Meal","Retails","S2"
"Q5-02G-023-F00","G_MS_TO NGOC VAN","Retails","S2"
"Q5-02G-023-F05","G_MS_TO NGOC VAN-Pha loc","Retails","S2"
"Q5-02G-023-F06","G_MS_TO NGOC VAN-(dau&long)","Retails","S2"
"Q5-02G-023-F22","G_MS_TO NGOC VAN-Ga da giet mo","Retails","S2"
"Q5-02G-023-F24","G_MS_TO NGOC VAN- Trung","Retails","S2"
"Q5-02G-023-F50","G_MS_TO NGOC VAN-Bunde","Retails","S2"
"Q5-02G-023-F51","G_MS_TO NGOC VAN-Hang hoa","Retails","S2"
"Q5-02G-023-F52","G_MS_TO NGOC VAN-Hai san","Retails","S2"
"Q5-02G-023-F53","G_MS_TO NGOC VAN-Bo","Retails","S2"
"Q5-02G-023-F70","G_MS_TO NGOC VAN-SPCB","Retails","S2"
"Q5-02G-023-F71","G_MS_TO NGOC VAN","Retails","S2"
"Q5-02G-023-F72","G_MS_TO NGOC VAN-Ready Meal","Retails","S2"
"Q5-02G-024-F00","G_MS_PHAM PHU THU","Retails","S2"
"Q5-02G-024-F05","G_MS_PHAM PHU THU-Pha loc","Retails","S2"
"Q5-02G-024-F06","G_MS_PHAM PHU THU-(dau&long)","Retails","S2"
"Q5-02G-024-F22","G_MS_PHAM PHU THU-Ga da giet m","Retails","S2"
"Q5-02G-024-F24","G_MS_PHAM PHU THU- Trung","Retails","S2"
"Q5-02G-024-F50","G_MS_PHAM PHU THU-Bunde","Retails","S2"
"Q5-02G-024-F51","G_MS_PHAM PHU THU-Hang hoa","Retails","S2"
"Q5-02G-024-F52","G_MS_PHAM PHU THU-Hai san","Retails","S2"
"Q5-02G-024-F53","G_MS_PHAM PHU THU-Bo","Retails","S2"
"Q5-02G-024-F70","G_MS_PHAM PHU THU-SPCB","Retails","S2"
"Q5-02G-024-F71","G_MS_PHAM PHU THU","Retails","S2"
"Q5-02G-024-F72","G_MS_PHAM PHU THU-Ready Meal","Retails","S2"
"Q5-02G-025-F00","G_MS_TRAN NHAN TON","Retails","S2"
"Q5-02G-025-F05","G_MS_TRAN NHAN TON-Pha loc","Retails","S2"
"Q5-02G-025-F06","G_MS_TRAN NHAN TON-(dau&long)","Retails","S2"
"Q5-02G-025-F22","G_MS_TRAN NHAN TON-Ga da giet","Retails","S2"
"Q5-02G-025-F24","G_MS_TRAN NHAN TON- Trung","Retails","S2"
"Q5-02G-025-F50","G_MS_TRAN NHAN TON-Bunde","Retails","S2"
"Q5-02G-025-F51","G_MS_TRAN NHAN TON-Hang hoa","Retails","S2"
"Q5-02G-025-F52","G_MS_TRAN NHAN TON-Hai san","Retails","S2"
"Q5-02G-025-F53","G_MS_TRAN NHAN TON-Bo","Retails","S2"
"Q5-02G-025-F70","G_MS_TRAN NHAN TON-SPCB","Retails","S2"
"Q5-02G-025-F71","G_MS_TRAN NHAN TON","Retails","S2"
"Q5-02G-025-F72","G_MS_TRAN NHAN TON-Ready Meal","Retails","S2"
"Q5-02G-026-F00","G_MS_CAY KEO","Retails","S2"
"Q5-02G-026-F05","G_MS_CAY KEO-Pha loc","Retails","S2"
"Q5-02G-026-F06","G_MS_CAY KEO-(dau&long)","Retails","S2"
"Q5-02G-026-F22","G_MS_CAY KEO-Ga da giet mo","Retails","S2"
"Q5-02G-026-F24","G_MS_CAY KEO- Trung","Retails","S2"
"Q5-02G-026-F50","G_MS_CAY KEO-Bunde","Retails","S2"
"Q5-02G-026-F51","G_MS_CAY KEO-Hang hoa","Retails","S2"
"Q5-02G-026-F52","G_MS_CAY KEO-Hai san","Retails","S2"
"Q5-02G-026-F53","G_MS_CAY KEO-Bo","Retails","S2"
"Q5-02G-026-F70","G_MS_CAY KEO-SPCB","Retails","S2"
"Q5-02G-026-F71","G_MS_CAY KEO","Retails","S2"
"Q5-02G-026-F72","G_MS_CAY KEO-Ready Meal","Retails","S2"
"Q5-02G-027-F00","G_MS_TRUONG PHUOC PHAN","Retails","S2"
"Q5-02G-027-F05","G_MS_TRUONG PHUOC PHAN-Pha loc","Retails","S2"
"Q5-02G-027-F06","G_MS_TRUONG PHUOC PHAN-(dau&lo","Retails","S2"
"Q5-02G-027-F22","G_MS_TRUONG PHUOC PHAN-Ga da g","Retails","S2"
"Q5-02G-027-F24","G_MS_TRUONG PHUOC PHAN- Trung","Retails","S2"
"Q5-02G-027-F50","G_MS_TRUONG PHUOC PHAN-Bunde","Retails","S2"
"Q5-02G-027-F51","G_MS_TRUONG PHUOC PHAN-Hang ho","Retails","S2"
"Q5-02G-027-F52","G_MS_TRUONG PHUOC PHAN-Hai san","Retails","S2"
"Q5-02G-027-F53","G_MS_TRUONG PHUOC PHAN-Bo","Retails","S2"
"Q5-02G-027-F70","G_MS_TRUONG PHUOC PHAN-SPCB","Retails","S2"
"Q5-02G-027-F71","G_MS_TRUONG PHUOC PHAN","Retails","S2"
"Q5-02G-027-F72","G_MS_TRUONG PHUOC PHAN-Ready M","Retails","S2"
"Q5-02G-028-F00","G_MS_PHUOC BINH","Retails","S2"
"Q5-02G-028-F05","G_MS_PHUOC BINH-Pha loc","Retails","S2"
"Q5-02G-028-F06","G_MS_PHUOC BINH-(dau&long)","Retails","S2"
"Q5-02G-028-F22","G_MS_PHUOC BINH-Ga da giet mo","Retails","S2"
"Q5-02G-028-F24","G_MS_PHUOC BINH- Trung","Retails","S2"
"Q5-02G-028-F50","G_MS_PHUOC BINH-Bunde","Retails","S2"
"Q5-02G-028-F51","G_MS_PHUOC BINH-Hang hoa","Retails","S2"
"Q5-02G-028-F52","G_MS_PHUOC BINH-Hai san","Retails","S2"
"Q5-02G-028-F53","G_MS_PHUOC BINH-Bo","Retails","S2"
"Q5-02G-028-F70","G_MS_PHUOC BINH-SPCB","Retails","S2"
"Q5-02G-028-F71","G_MS_PHUOC BINH","Retails","S2"
"Q5-02G-028-F72","G_MS_PHUOC BINH-Ready Meal","Retails","S2"
"Q5-02G-029-F00","G_MS_HAI BA TRUNG","Retails","S2"
"Q5-02G-029-F05","G_MS_HAI BA TRUNG-Pha loc","Retails","S2"
"Q5-02G-029-F06","G_MS_HAI BA TRUNG-(dau&long)","Retails","S2"
"Q5-02G-029-F22","G_MS_HAI BA TRUNG-Ga da giet m","Retails","S2"
"Q5-02G-029-F24","G_MS_HAI BA TRUNG- Trung","Retails","S2"
"Q5-02G-029-F50","G_MS_HAI BA TRUNG-Bunde","Retails","S2"
"Q5-02G-029-F51","G_MS_HAI BA TRUNG-Hang hoa","Retails","S2"
"Q5-02G-029-F52","G_MS_HAI BA TRUNG-Hai san","Retails","S2"
"Q5-02G-029-F53","G_MS_HAI BA TRUNG-Bo","Retails","S2"
"Q5-02G-029-F70","G_MS_HAI BA TRUNG-SPCB","Retails","S2"
"Q5-02G-029-F71","G_MS_HAI BA TRUNG","Retails","S2"
"Q5-02G-029-F72","G_MS_HAI BA TRUNG-Ready Meal","Retails","S2"
"Q5-02G-030-F00","G_MS_LE DUC THO","Retails","S2"
"Q5-02G-030-F05","G_MS_LE DUC THO-Pha loc","Retails","S2"
"Q5-02G-030-F06","G_MS_LE DUC THO-(dau&long)","Retails","S2"
"Q5-02G-030-F22","G_MS_LE DUC THO-Ga da giet mo","Retails","S2"
"Q5-02G-030-F24","G_MS_LE DUC THO- Trung","Retails","S2"
"Q5-02G-030-F50","G_MS_LE DUC THO-Bunde","Retails","S2"
"Q5-02G-030-F51","G_MS_LE DUC THO-Hang hoa","Retails","S2"
"Q5-02G-030-F52","G_MS_LE DUC THO-Hai san","Retails","S2"
"Q5-02G-030-F53","G_MS_LE DUC THO-Bo","Retails","S2"
"Q5-02G-030-F70","G_MS_LE DUC THO-SPCB","Retails","S2"
"Q5-02G-030-F71","G_MS_LE DUC THO","Retails","S2"
"Q5-02G-030-F72","G_MS_LE DUC THO-Ready Meal","Retails","S2"
"Q5-02G-031-F00","G_MS_AN DUONG VUONG","Retails","S2"
"Q5-02G-031-F05","G_MS_AN DUONG VUONG-Pha loc","Retails","S2"
"Q5-02G-031-F06","G_MS_AN DUONG VUONG-(dau&long)","Retails","S2"
"Q5-02G-031-F22","G_MS_AN DUONG VUONG-Ga da giet","Retails","S2"
"Q5-02G-031-F24","G_MS_AN DUONG VUONG- Trung","Retails","S2"
"Q5-02G-031-F50","G_MS_AN DUONG VUONG-Bunde","Retails","S2"
"Q5-02G-031-F51","G_MS_AN DUONG VUONG-Hang hoa","Retails","S2"
"Q5-02G-031-F52","G_MS_AN DUONG VUONG-Hai san","Retails","S2"
"Q5-02G-031-F53","G_MS_AN DUONG VUONG-Bo","Retails","S2"
"Q5-02G-031-F70","G_MS_AN DUONG VUONG-SPCB","Retails","S2"
"Q5-02G-031-F71","G_MS_AN DUONG VUONG","Retails","S2"
"Q5-02G-031-F72","G_MS_AN DUONG VUONG-Ready Meal","Retails","S2"
"Q5-02G-032-F00","G_MS_NGUYEN XI","Retails","S2"
"Q5-02G-032-F05","G_MS_NGUYEN XI-Pha loc","Retails","S2"
"Q5-02G-032-F06","G_MS_NGUYEN XI-(dau&long)","Retails","S2"
"Q5-02G-032-F22","G_MS_NGUYEN XI-Ga da giet mo","Retails","S2"
"Q5-02G-032-F24","G_MS_NGUYEN XI- Trung","Retails","S2"
"Q5-02G-032-F50","G_MS_NGUYEN XI-Bunde","Retails","S2"
"Q5-02G-032-F51","G_MS_NGUYEN XI-Hang hoa","Retails","S2"
"Q5-02G-032-F52","G_MS_NGUYEN XI-Hai san","Retails","S2"
"Q5-02G-032-F53","G_MS_NGUYEN XI-Bo","Retails","S2"
"Q5-02G-032-F70","G_MS_NGUYEN XI-SPCB","Retails","S2"
"Q5-02G-032-F71","G_MS_NGUYEN XI","Retails","S2"
"Q5-02G-032-F72","G_MS_NGUYEN XI-Ready Meal","Retails","S2"
"Q5-02G-033-F00","G_MS_BACH VAN","Retails","S2"
"Q5-02G-033-F05","G_MS_BACH VAN-Pha loc","Retails","S2"
"Q5-02G-033-F06","G_MS_BACH VAN-(dau&long)","Retails","S2"
"Q5-02G-033-F22","G_MS_BACH VAN-Ga da giet mo","Retails","S2"
"Q5-02G-033-F24","G_MS_BACH VAN- Trung","Retails","S2"
"Q5-02G-033-F50","G_MS_BACH VAN-Bunde","Retails","S2"
"Q5-02G-033-F51","G_MS_BACH VAN-Hang hoa","Retails","S2"
"Q5-02G-033-F52","G_MS_BACH VAN-Hai san","Retails","S2"
"Q5-02G-033-F53","G_MS_BACH VAN-Bo","Retails","S2"
"Q5-02G-033-F70","G_MS_BACH VAN-SPCB","Retails","S2"
"Q5-02G-033-F71","G_MS_BACH VAN","Retails","S2"
"Q5-02G-033-F72","G_MS_BACH VAN-Ready Meal","Retails","S2"
"Q5-02G-034-F00","G_MS_NGUYEN THI TAN","Retails","S2"
"Q5-02G-034-F05","G_MS_NGUYEN THI TAN-Pha loc","Retails","S2"
"Q5-02G-034-F06","G_MS_NGUYEN THI TAN-(dau&long)","Retails","S2"
"Q5-02G-034-F22","G_MS_NGUYEN THI TAN-Ga da giet","Retails","S2"
"Q5-02G-034-F24","G_MS_NGUYEN THI TAN- Trung","Retails","S2"
"Q5-02G-034-F50","G_MS_NGUYEN THI TAN-Bunde","Retails","S2"
"Q5-02G-034-F51","G_MS_NGUYEN THI TAN-Hang hoa","Retails","S2"
"Q5-02G-034-F52","G_MS_NGUYEN THI TAN-Hai san","Retails","S2"
"Q5-02G-034-F53","G_MS_NGUYEN THI TAN-Bo","Retails","S2"
"Q5-02G-034-F70","G_MS_NGUYEN THI TAN-SPCB","Retails","S2"
"Q5-02G-034-F71","G_MS_NGUYEN THI TAN","Retails","S2"
"Q5-02G-034-F72","G_MS_NGUYEN THI TAN-Ready Meal","Retails","S2"
"Q5-02G-035-F00","G_MS_LE VAN SY","Retails","S2"
"Q5-02G-035-F05","G_MS_LE VAN SY-Pha loc","Retails","S2"
"Q5-02G-035-F06","G_MS_LE VAN SY-(dau&long)","Retails","S2"
"Q5-02G-035-F22","G_MS_LE VAN SY-Ga da giet mo","Retails","S2"
"Q5-02G-035-F24","G_MS_LE VAN SY- Trung","Retails","S2"
"Q5-02G-035-F50","G_MS_LE VAN SY-Bunde","Retails","S2"
"Q5-02G-035-F51","G_MS_LE VAN SY-Hang hoa","Retails","S2"
"Q5-02G-035-F52","G_MS_LE VAN SY-Hai san","Retails","S2"
"Q5-02G-035-F53","G_MS_LE VAN SY-Bo","Retails","S2"
"Q5-02G-035-F70","G_MS_LE VAN SY-SPCB","Retails","S2"
"Q5-02G-035-F71","G_MS_LE VAN SY","Retails","S2"
"Q5-02G-035-F72","G_MS_LE VAN SY-Ready Meal","Retails","S2"
"Q5-02G-036-F00","G_MS_LE THACH","Retails","S2"
"Q5-02G-036-F05","G_MS_LE THACH-Pha loc","Retails","S2"
"Q5-02G-036-F06","G_MS_LE THACH-(dau&long)","Retails","S2"
"Q5-02G-036-F22","G_MS_LE THACH-Ga da giet mo","Retails","S2"
"Q5-02G-036-F24","G_MS_LE THACH- Trung","Retails","S2"
"Q5-02G-036-F50","G_MS_LE THACH-Bunde","Retails","S2"
"Q5-02G-036-F51","G_MS_LE THACH-Hang hoa","Retails","S2"
"Q5-02G-036-F52","G_MS_LE THACH-Hai san","Retails","S2"
"Q5-02G-036-F53","G_MS_LE THACH-Bo","Retails","S2"
"Q5-02G-036-F70","G_MS_LE THACH-SPCB","Retails","S2"
"Q5-02G-036-F71","G_MS_LE THACH","Retails","S2"
"Q5-02G-036-F72","G_MS_LE THACH-Ready Meal","Retails","S2"
"Q5-02G-037-F00","G_MS_TAN QUY","Retails","S2"
"Q5-02G-037-F05","G_MS_TAN QUY-Pha loc","Retails","S2"
"Q5-02G-037-F06","G_MS_TAN QUY-(dau&long)","Retails","S2"
"Q5-02G-037-F22","G_MS_TAN QUY-Ga da giet mo","Retails","S2"
"Q5-02G-037-F24","G_MS_TAN QUY- Trung","Retails","S2"
"Q5-02G-037-F50","G_MS_TAN QUY-Bunde","Retails","S2"
"Q5-02G-037-F51","G_MS_TAN QUY-Hang hoa","Retails","S2"
"Q5-02G-037-F52","G_MS_TAN QUY-Hai san","Retails","S2"
"Q5-02G-037-F53","G_MS_TAN QUY-Bo","Retails","S2"
"Q5-02G-037-F70","G_MS_TAN QUY-SPCB","Retails","S2"
"Q5-02G-037-F71","G_MS_TAN QUY","Retails","S2"
"Q5-02G-037-F72","G_MS_TAN QUY-Ready Meal","Retails","S2"
"Q5-02G-038-F00","G_MS_PHO QUANG","Retails","S2"
"Q5-02G-038-F05","G_MS_PHO QUANG-Pha loc","Retails","S2"
"Q5-02G-038-F06","G_MS_PHO QUANG-(dau&long)","Retails","S2"
"Q5-02G-038-F22","G_MS_PHO QUANG-Ga da giet mo","Retails","S2"
"Q5-02G-038-F24","G_MS_PHO QUANG- Trung","Retails","S2"
"Q5-02G-038-F50","G_MS_PHO QUANG-Bunde","Retails","S2"
"Q5-02G-038-F51","G_MS_PHO QUANG-Hang hoa","Retails","S2"
"Q5-02G-038-F52","G_MS_PHO QUANG-Hai san","Retails","S2"
"Q5-02G-038-F53","G_MS_PHO QUANG-Bo","Retails","S2"
"Q5-02G-038-F70","G_MS_PHO QUANG-SPCB","Retails","S2"
"Q5-02G-038-F71","G_MS_PHO QUANG","Retails","S2"
"Q5-02G-038-F72","G_MS_PHO QUANG-Ready Meal","Retails","S2"
"Q5-02G-039-F00","G_MS_NGUYEN THI TRANG","Retails","S2"
"Q5-02G-039-F05","G_MS_NGUYEN THI TRANG-Pha loc","Retails","S2"
"Q5-02G-039-F06","G_MS_NGUYEN THI TRANG-(dau&lon","Retails","S2"
"Q5-02G-039-F22","G_MS_NGUYEN THI TRANG-Ga da gi","Retails","S2"
"Q5-02G-039-F24","G_MS_NGUYEN THI TRANG- Trung","Retails","S2"
"Q5-02G-039-F50","G_MS_NGUYEN THI TRANG-Bunde","Retails","S2"
"Q5-02G-039-F51","G_MS_NGUYEN THI TRANG-Hang hoa","Retails","S2"
"Q5-02G-039-F52","G_MS_NGUYEN THI TRANG-Hai san","Retails","S2"
"Q5-02G-039-F53","G_MS_NGUYEN THI TRANG-Bo","Retails","S2"
"Q5-02G-039-F70","G_MS_NGUYEN THI TRANG-SPCB","Retails","S2"
"Q5-02G-039-F71","G_MS_NGUYEN THI TRANG","Retails","S2"
"Q5-02G-039-F72","G_MS_NGUYEN THI TRANG-Ready Me","Retails","S2"
"Q5-02G-040-F00","G_MS_BH -  PHAN CHU TRINH","Retails","S2"
"Q5-02G-040-F05","G_MS_BH -  PHAN CHU TRINH-Pha","Retails","S2"
"Q5-02G-040-F06","G_MS_BH -  PHAN CHU TRINH-(dau","Retails","S2"
"Q5-02G-040-F22","G_MS_BH -  PHAN CHU TRINH-Ga d","Retails","S2"
"Q5-02G-040-F24","G_MS_BH -  PHAN CHU TRINH- Tru","Retails","S2"
"Q5-02G-040-F50","G_MS_BH -  PHAN CHU TRINH-Bund","Retails","S2"
"Q5-02G-040-F51","G_MS_BH -  PHAN CHU TRINH-Hang","Retails","S2"
"Q5-02G-040-F52","G_MS_BH -  PHAN CHU TRINH-Hai","Retails","S2"
"Q5-02G-040-F53","G_MS_BH -  PHAN CHU TRINH-Bo","Retails","S2"
"Q5-02G-040-F70","G_MS_BH -  PHAN CHU TRINH-SPCB","Retails","S2"
"Q5-02G-040-F72","G_MS_BH -  PHAN CHU TRINH-Read","Retails","S2"
"Q5-02G-041-F00","G_MS_BH -PHAM VAN THUAN","Retails","S2"
"Q5-02G-041-F05","G_MS_BH -PHAM VAN THUAN-Pha lo","Retails","S2"
"Q5-02G-041-F06","G_MS_BH -PHAM VAN THUAN-(dau&l","Retails","S2"
"Q5-02G-041-F22","G_MS_BH -PHAM VAN THUAN-Ga da","Retails","S2"
"Q5-02G-041-F24","G_MS_BH -PHAM VAN THUAN- Trung","Retails","S2"
"Q5-02G-041-F50","G_MS_BH -PHAM VAN THUAN-Bunde","Retails","S2"
"Q5-02G-041-F51","G_MS_BH -PHAM VAN THUAN-Hang h","Retails","S2"
"Q5-02G-041-F52","G_MS_BH -PHAM VAN THUAN-Hai sa","Retails","S2"
"Q5-02G-041-F53","G_MS_BH -PHAM VAN THUAN-Bo","Retails","S2"
"Q5-02G-041-F70","G_MS_BH -PHAM VAN THUAN-SPCB","Retails","S2"
"Q5-02G-041-F72","G_MS_BH -PHAM VAN THUAN-Ready","Retails","S2"
"Q5-02G-042-F00","G_MS_BINH TRIEU","Retails","S2"
"Q5-02G-042-F05","G_MS_BINH TRIEU-Pha loc","Retails","S2"
"Q5-02G-042-F06","G_MS_BINH TRIEU-(dau&long)","Retails","S2"
"Q5-02G-042-F22","G_MS_BINH TRIEU-Ga da giet mo","Retails","S2"
"Q5-02G-042-F24","G_MS_BINH TRIEU- Trung","Retails","S2"
"Q5-02G-042-F50","G_MS_BINH TRIEU-Bunde","Retails","S2"
"Q5-02G-042-F51","G_MS_BINH TRIEU-Hang hoa","Retails","S2"
"Q5-02G-042-F52","G_MS_BINH TRIEU-Hai san","Retails","S2"
"Q5-02G-042-F53","G_MS_BINH TRIEU-Bo","Retails","S2"
"Q5-02G-042-F70","G_MS_BINH TRIEU-SPCB","Retails","S2"
"Q5-02G-042-F71","G_MS_BINH TRIEU","Retails","S2"
"Q5-02G-042-F72","G_MS_BINH TRIEU-Ready Meal","Retails","S2"
"Q5-02G-043-F00","G_MS_NGUYEN DINH CHIEU","Retails","S2"
"Q5-02G-043-F05","G_MS_NGUYEN DINH CHIEU-Pha loc","Retails","S2"
"Q5-02G-043-F06","G_MS_NGUYEN DINH CHIEU-(dau&lo","Retails","S2"
"Q5-02G-043-F22","G_MS_NGUYEN DINH CHIEU-Ga da g","Retails","S2"
"Q5-02G-043-F24","G_MS_NGUYEN DINH CHIEU- Trung","Retails","S2"
"Q5-02G-043-F50","G_MS_NGUYEN DINH CHIEU-Bunde","Retails","S2"
"Q5-02G-043-F51","G_MS_NGUYEN DINH CHIEU-Hang ho","Retails","S2"
"Q5-02G-043-F52","G_MS_NGUYEN DINH CHIEU-Hai san","Retails","S2"
"Q5-02G-043-F53","G_MS_NGUYEN DINH CHIEU-Bo","Retails","S2"
"Q5-02G-043-F70","G_MS_NGUYEN DINH CHIEU-SPCB","Retails","S2"
"Q5-02G-043-F71","G_MS_NGUYEN DINH CHIEU","Retails","S2"
"Q5-02G-043-F72","G_MS_NGUYEN DINH CHIEU-Ready M","Retails","S2"
"Q5-02G-044-F00","G_MS_XOM CUI","Retails","S2"
"Q5-02G-044-F05","G_MS_XOM CUI-Pha loc","Retails","S2"
"Q5-02G-044-F06","G_MS_XOM CUI-(dau&long)","Retails","S2"
"Q5-02G-044-F22","G_MS_XOM CUI-Ga da giet mo","Retails","S2"
"Q5-02G-044-F24","G_MS_XOM CUI- Trung","Retails","S2"
"Q5-02G-044-F50","G_MS_XOM CUI-Bunde","Retails","S2"
"Q5-02G-044-F51","G_MS_XOM CUI-Hang hoa","Retails","S2"
"Q5-02G-044-F52","G_MS_XOM CUI-Hai san","Retails","S2"
"Q5-02G-044-F53","G_MS_XOM CUI-Bo","Retails","S2"
"Q5-02G-044-F70","G_MS_XOM CUI-SPCB","Retails","S2"
"Q5-02G-044-F71","G_MS_XOM CUI","Retails","S2"
"Q5-02G-044-F72","G_MS_XOM CUI-Ready Meal","Retails","S2"
"Q5-02G-045-F00","G_MS_PHAN VAN TRI","Retails","S2"
"Q5-02G-045-F05","G_MS_PHAN VAN TRI-Pha loc","Retails","S2"
"Q5-02G-045-F06","G_MS_PHAN VAN TRI-(dau&long)","Retails","S2"
"Q5-02G-045-F22","G_MS_PHAN VAN TRI-Ga da giet m","Retails","S2"
"Q5-02G-045-F24","G_MS_PHAN VAN TRI- Trung","Retails","S2"
"Q5-02G-045-F50","G_MS_PHAN VAN TRI-Bunde","Retails","S2"
"Q5-02G-045-F51","G_MS_PHAN VAN TRI-Hang hoa","Retails","S2"
"Q5-02G-045-F52","G_MS_PHAN VAN TRI-Hai san","Retails","S2"
"Q5-02G-045-F53","G_MS_PHAN VAN TRI-Bo","Retails","S2"
"Q5-02G-045-F70","G_MS_PHAN VAN TRI-SPCB","Retails","S2"
"Q5-02G-045-F71","G_MS_PHAN VAN TRI","Retails","S2"
"Q5-02G-045-F72","G_MS_PHAN VAN TRI-Ready Meal","Retails","S2"
"Q5-02G-046-F00","G_MS_QUANG TRUNG","Retails","S2"
"Q5-02G-046-F05","G_MS_QUANG TRUNG-Pha loc","Retails","S2"
"Q5-02G-046-F06","G_MS_QUANG TRUNG-(dau&long)","Retails","S2"
"Q5-02G-046-F22","G_MS_QUANG TRUNG-Ga da giet mo","Retails","S2"
"Q5-02G-046-F24","G_MS_QUANG TRUNG- Trung","Retails","S2"
"Q5-02G-046-F50","G_MS_QUANG TRUNG-Bunde","Retails","S2"
"Q5-02G-046-F51","G_MS_QUANG TRUNG-Hang hoa","Retails","S2"
"Q5-02G-046-F52","G_MS_QUANG TRUNG-Hai san","Retails","S2"
"Q5-02G-046-F53","G_MS_QUANG TRUNG-Bo","Retails","S2"
"Q5-02G-046-F70","G_MS_QUANG TRUNG-SPCB","Retails","S2"
"Q5-02G-046-F72","G_MS_QUANG TRUNG-Ready Meal","Retails","S2"
"Q5-02G-047-F00","G_MS_BD -  NGUYEN THI MINH","Retails","S2"
"Q5-02G-047-F05","G_MS_BD -  NGUYEN THI MINH-Pha","Retails","S2"
"Q5-02G-047-F06","G_MS_BD -  NGUYEN THI MINH-(da","Retails","S2"
"Q5-02G-047-F22","G_MS_BD -  NGUYEN THI MINH-Ga","Retails","S2"
"Q5-02G-047-F24","G_MS_BD -  NGUYEN THI MINH- Tr","Retails","S2"
"Q5-02G-047-F50","G_MS_BD -  NGUYEN THI MINH-Bun","Retails","S2"
"Q5-02G-047-F51","G_MS_BD -  NGUYEN THI MINH-Han","Retails","S2"
"Q5-02G-047-F52","G_MS_BD -  NGUYEN THI MINH-Hai","Retails","S2"
"Q5-02G-047-F53","G_MS_BD -  NGUYEN THI MINH-Bo","Retails","S2"
"Q5-02G-047-F70","G_MS_BD -  NGUYEN THI MINH-SPC","Retails","S2"
"Q5-02G-047-F72","G_MS_BD -  NGUYEN THI MINH-SPC","Retails","S2"
"Q5-02G-048-F00","G_MS_BD - DINH BO LINH","Retails","S2"
"Q5-02G-048-F05","G_MS_BD - DINH BO LINH-Pha loc","Retails","S2"
"Q5-02G-048-F06","G_MS_BD - DINH BO LINH-(dau&lo","Retails","S2"
"Q5-02G-048-F22","G_MS_BD - DINH BO LINH-Ga da g","Retails","S2"
"Q5-02G-048-F24","G_MS_BD - DINH BO LINH- Trung","Retails","S2"
"Q5-02G-048-F50","G_MS_BD - DINH BO LINH-Bunde","Retails","S2"
"Q5-02G-048-F51","G_MS_BD - DINH BO LINH-Hang ho","Retails","S2"
"Q5-02G-048-F52","G_MS_BD - DINH BO LINH-Hai san","Retails","S2"
"Q5-02G-048-F53","G_MS_BD - DINH BO LINH-Bo","Retails","S2"
"Q5-02G-048-F70","G_MS_BD - DINH BO LINH-SPCB","Retails","S2"
"Q5-02G-048-F71","G_MS_BD - DINH BO LINH","Retails","S2"
"Q5-02G-048-F72","G_MS_BD - DINH BO LINH-Ready M","Retails","S2"
"Q5-02G-049-F00","G_MS_DO XUAN HOP","Retails","S2"
"Q5-02G-049-F05","G_MS_DO XUAN HOP-Pha loc","Retails","S2"
"Q5-02G-049-F06","G_MS_DO XUAN HOP-(dau&long)","Retails","S2"
"Q5-02G-049-F22","G_MS_DO XUAN HOP-Ga da giet mo","Retails","S2"
"Q5-02G-049-F24","G_MS_DO XUAN HOP- Trung","Retails","S2"
"Q5-02G-049-F50","G_MS_DO XUAN HOP-Bunde","Retails","S2"
"Q5-02G-049-F51","G_MS_DO XUAN HOP-Hang hoa","Retails","S2"
"Q5-02G-049-F52","G_MS_DO XUAN HOP-Hai san","Retails","S2"
"Q5-02G-049-F53","G_MS_DO XUAN HOP-Bo","Retails","S2"
"Q5-02G-049-F70","G_MS_DO XUAN HOP-SPCB","Retails","S2"
"Q5-02G-049-F71","G_MS_DO XUAN HOP","Retails","S2"
"Q5-02G-049-F72","G_MS_DO XUAN HOP-Ready Meal","Retails","S2"
"Q5-02G-050-F00","G_MS_LE VAN LUONG","Retails","S2"
"Q5-02G-050-F05","G_MS_LE VAN LUONG-Pha loc","Retails","S2"
"Q5-02G-050-F06","G_MS_LE VAN LUONG-(dau&long)","Retails","S2"
"Q5-02G-050-F22","G_MS_LE VAN LUONG-Ga da giet m","Retails","S2"
"Q5-02G-050-F24","G_MS_LE VAN LUONG- Trung","Retails","S2"
"Q5-02G-050-F50","G_MS_LE VAN LUONG-Bunde","Retails","S2"
"Q5-02G-050-F51","G_MS_LE VAN LUONG-Hang hoa","Retails","S2"
"Q5-02G-050-F52","G_MS_LE VAN LUONG-Hai san","Retails","S2"
"Q5-02G-050-F53","G_MS_LE VAN LUONG-Bo","Retails","S2"
"Q5-02G-050-F70","G_MS_LE VAN LUONG-SPCB","Retails","S2"
"Q5-02G-050-F71","G_MS_LE VAN LUONG","Retails","S2"
"Q5-02G-050-F72","G_MS_LE VAN LUONG-Ready Meal","Retails","S2"
"Q5-02G-051-F00","G_MS_HUYNH TAN PHAT","Retails","S2"
"Q5-02G-051-F05","G_MS_HUYNH TAN PHAT-Pha loc","Retails","S2"
"Q5-02G-051-F06","G_MS_HUYNH TAN PHAT-(dau&long)","Retails","S2"
"Q5-02G-051-F22","G_MS_HUYNH TAN PHAT-Ga da giet","Retails","S2"
"Q5-02G-051-F24","G_MS_HUYNH TAN PHAT- Trung","Retails","S2"
"Q5-02G-051-F50","G_MS_HUYNH TAN PHAT-Bunde","Retails","S2"
"Q5-02G-051-F51","G_MS_HUYNH TAN PHAT-Hang hoa","Retails","S2"
"Q5-02G-051-F52","G_MS_HUYNH TAN PHAT-Hai san","Retails","S2"
"Q5-02G-051-F53","G_MS_HUYNH TAN PHAT-Bo","Retails","S2"
"Q5-02G-051-F70","G_MS_HUYNH TAN PHAT-SPCB","Retails","S2"
"Q5-02G-051-F71","G_MS_HUYNH TAN PHAT","Retails","S2"
"Q5-02G-051-F72","G_MS_HUYNH TAN PHAT-Ready Meal","Retails","S2"
"Q5-02G-052-F00","G_MS_ LAC LONG QUAN","Retails","S2"
"Q5-02G-052-F05","G_MS_ LAC LONG QUAN-Pha loc","Retails","S2"
"Q5-02G-052-F06","G_MS_ LAC LONG QUAN-(dau&long)","Retails","S2"
"Q5-02G-052-F22","G_MS_ LAC LONG QUAN-Ga da giet","Retails","S2"
"Q5-02G-052-F24","G_MS_ LAC LONG QUAN- Trung","Retails","S2"
"Q5-02G-052-F50","G_MS_ LAC LONG QUAN-Bunde","Retails","S2"
"Q5-02G-052-F51","G_MS_ LAC LONG QUAN-Hang hoa","Retails","S2"
"Q5-02G-052-F52","G_MS_ LAC LONG QUAN-Hai san","Retails","S2"
"Q5-02G-052-F53","G_MS_ LAC LONG QUAN-Bo","Retails","S2"
"Q5-02G-052-F70","G_MS_ LAC LONG QUAN-SPCB","Retails","S2"
"Q5-02G-052-F71","G_MS_ LAC LONG QUAN","Retails","S2"
"Q5-02G-052-F72","G_MS_ LAC LONG QUAN-Ready Meal","Retails","S2"
"Q5-02G-053-F00","G_MS_NGUYEN THI DINH","Retails","S2"
"Q5-02G-053-F05","G_MS_NGUYEN THI DINH-Pha loc","Retails","S2"
"Q5-02G-053-F06","G_MS_NGUYEN THI DINH-(dau&long","Retails","S2"
"Q5-02G-053-F22","G_MS_NGUYEN THI DINH-Ga da gie","Retails","S2"
"Q5-02G-053-F24","G_MS_NGUYEN THI DINH- Trung","Retails","S2"
"Q5-02G-053-F50","G_MS_NGUYEN THI DINH-Bunde","Retails","S2"
"Q5-02G-053-F51","G_MS_NGUYEN THI DINH-Hang hoa","Retails","S2"
"Q5-02G-053-F52","G_MS_NGUYEN THI DINH-Hai san","Retails","S2"
"Q5-02G-053-F53","G_MS_NGUYEN THI DINH-Bo","Retails","S2"
"Q5-02G-053-F70","G_MS_NGUYEN THI DINH-SPCB","Retails","S2"
"Q5-02G-053-F71","G_MS_NGUYEN THI DINH","Retails","S2"
"Q5-02G-053-F72","G_MS_NGUYEN THI DINH-Ready Mea","Retails","S2"
"Q5-02G-054-F00","G_MS_NGUYEN SY SACH","Retails","S2"
"Q5-02G-054-F05","G_MS_NGUYEN SY SACH-Pha loc","Retails","S2"
"Q5-02G-054-F06","G_MS_NGUYEN SY SACH-(dau&long)","Retails","S2"
"Q5-02G-054-F22","G_MS_NGUYEN SY SACH-Ga da giet","Retails","S2"
"Q5-02G-054-F24","G_MS_NGUYEN SY SACH- Trung","Retails","S2"
"Q5-02G-054-F50","G_MS_NGUYEN SY SACH-Bunde","Retails","S2"
"Q5-02G-054-F51","G_MS_NGUYEN SY SACH-Hang hoa","Retails","S2"
"Q5-02G-054-F52","G_MS_NGUYEN SY SACH-Hai san","Retails","S2"
"Q5-02G-054-F53","G_MS_NGUYEN SY SACH-Bo","Retails","S2"
"Q5-02G-054-F70","G_MS_NGUYEN SY SACH-SPCB","Retails","S2"
"Q5-02G-054-F72","G_MS_NGUYEN SY SACH-Ready Meal","Retails","S2"
"Q5-02G-055-F00","G_MS_CONG QUYNH","Retails","S2"
"Q5-02G-055-F05","G_MS_CONG QUYNH-Pha loc","Retails","S2"
"Q5-02G-055-F06","G_MS_CONG QUYNH-(dau&long)","Retails","S2"
"Q5-02G-055-F22","G_MS_CONG QUYNH-Ga da giet mo","Retails","S2"
"Q5-02G-055-F24","G_MS_CONG QUYNH- Trung","Retails","S2"
"Q5-02G-055-F50","G_MS_CONG QUYNH-Bunde","Retails","S2"
"Q5-02G-055-F51","G_MS_CONG QUYNH-Hang hoa","Retails","S2"
"Q5-02G-055-F52","G_MS_CONG QUYNH-Hai san","Retails","S2"
"Q5-02G-055-F53","G_MS_CONG QUYNH-Bo","Retails","S2"
"Q5-02G-055-F70","G_MS_CONG QUYNH-SPCB","Retails","S2"
"Q5-02G-055-F71","G_MS_CONG QUYNH","Retails","S2"
"Q5-02G-055-F72","G_MS_CONG QUYNH-Ready Meal","Retails","S2"
"Q5-02G-056-F00","G_MS_NGUYEN ANH THU","Retails","S2"
"Q5-02G-056-F05","G_MS_NGUYEN ANH THU-Pha loc","Retails","S2"
"Q5-02G-056-F06","G_MS_NGUYEN ANH THU-(dau&long)","Retails","S2"
"Q5-02G-056-F22","G_MS_NGUYEN ANH THU-Ga da giet","Retails","S2"
"Q5-02G-056-F24","G_MS_NGUYEN ANH THU- Trung","Retails","S2"
"Q5-02G-056-F50","G_MS_NGUYEN ANH THU-Bunde","Retails","S2"
"Q5-02G-056-F51","G_MS_NGUYEN ANH THU-Hang hoa","Retails","S2"
"Q5-02G-056-F52","G_MS_NGUYEN ANH THU-Hai san","Retails","S2"
"Q5-02G-056-F53","G_MS_NGUYEN ANH THU-Bo","Retails","S2"
"Q5-02G-056-F70","G_MS_NGUYEN ANH THU-SPCB","Retails","S2"
"Q5-02G-056-F71","G_MS_NGUYEN ANH THU","Retails","S2"
"Q5-02G-056-F72","G_MS_NGUYEN ANH THU-Ready Meal","Retails","S2"
"Q5-02G-057-F00","G_MS_TAN PHU","Retails","S2"
"Q5-02G-057-F05","G_MS_TAN PHU-Pha loc","Retails","S2"
"Q5-02G-057-F06","G_MS_TAN PHU-(dau&long)","Retails","S2"
"Q5-02G-057-F22","G_MS_TAN PHU-Ga da giet mo","Retails","S2"
"Q5-02G-057-F24","G_MS_TAN PHU- Trung","Retails","S2"
"Q5-02G-057-F50","G_MS_TAN PHU-Bunde","Retails","S2"
"Q5-02G-057-F51","G_MS_TAN PHU-Hang hoa","Retails","S2"
"Q5-02G-057-F52","G_MS_TAN PHU-Hai san","Retails","S2"
"Q5-02G-057-F53","G_MS_TAN PHU-Bo","Retails","S2"
"Q5-02G-057-F70","G_MS_TAN PHU-SPCB","Retails","S2"
"Q5-02G-057-F72","G_MS_TAN PHU-Ready Meal","Retails","S2"
"Q5-02G-058-F00","G_MS_TRINH DINH TRONG","Retails","S2"
"Q5-02G-058-F05","G_MS_TRINH DINH TRONG-Pha loc","Retails","S2"
"Q5-02G-058-F06","G_MS_TRINH DINH TRONG-(dau&lon","Retails","S2"
"Q5-02G-058-F22","G_MS_TRINH DINH TRONG-Ga da gi","Retails","S2"
"Q5-02G-058-F24","G_MS_TRINH DINH TRONG- Trung","Retails","S2"
"Q5-02G-058-F50","G_MS_TRINH DINH TRONG-Bunde","Retails","S2"
"Q5-02G-058-F51","G_MS_TRINH DINH TRONG-Hang hoa","Retails","S2"
"Q5-02G-058-F52","G_MS_TRINH DINH TRONG-Hai san","Retails","S2"
"Q5-02G-058-F53","G_MS_TRINH DINH TRONG-Bo","Retails","S2"
"Q5-02G-058-F70","G_MS_TRINH DINH TRONG-SPCB","Retails","S2"
"Q5-02G-058-F71","G_MS_TRINH DINH TRONG","Retails","S2"
"Q5-02G-058-F72","G_MS_TRINH DINH TRONG-Ready Me","Retails","S2"
"Q5-02G-059-F00","G_MS_TAM BINH","Retails","S2"
"Q5-02G-059-F05","G_MS_TAM BINH-Pha loc","Retails","S2"
"Q5-02G-059-F06","G_MS_TAM BINH-(dau&long)","Retails","S2"
"Q5-02G-059-F22","G_MS_TAM BINH-Ga da giet mo","Retails","S2"
"Q5-02G-059-F24","G_MS_TAM BINH- Trung","Retails","S2"
"Q5-02G-059-F50","G_MS_TAM BINH-Bunde","Retails","S2"
"Q5-02G-059-F51","G_MS_TAM BINH-Hang hoa","Retails","S2"
"Q5-02G-059-F52","G_MS_TAM BINH-Hai san","Retails","S2"
"Q5-02G-059-F53","G_MS_TAM BINH-Bo","Retails","S2"
"Q5-02G-059-F70","G_MS_TAM BINH-SPCB","Retails","S2"
"Q5-02G-059-F72","G_MS_TAM BINH-Ready Meal","Retails","S2"
"Q5-02G-060-F00","G_MS_NGUYEN HUY TU","Retails","S2"
"Q5-02G-060-F05","G_MS_NGUYEN HUY TU-Pha loc","Retails","S2"
"Q5-02G-060-F06","G_MS_NGUYEN HUY TU-(dau&long)","Retails","S2"
"Q5-02G-060-F22","G_MS_NGUYEN HUY TU-Ga da giet","Retails","S2"
"Q5-02G-060-F24","G_MS_NGUYEN HUY TU- Trung","Retails","S2"
"Q5-02G-060-F50","G_MS_NGUYEN HUY TU-Bunde","Retails","S2"
"Q5-02G-060-F51","G_MS_NGUYEN HUY TU-Hang hoa","Retails","S2"
"Q5-02G-060-F52","G_MS_NGUYEN HUY TU-Hai san","Retails","S2"
"Q5-02G-060-F53","G_MS_NGUYEN HUY TU-Bo","Retails","S2"
"Q5-02G-060-F70","G_MS_NGUYEN HUY TU-SPCB","Retails","S2"
"Q5-02G-060-F71","G_MS_NGUYEN HUY TU","Retails","S2"
"Q5-02G-060-F72","G_MS_NGUYEN HUY TU-Ready Meal","Retails","S2"
"Q5-02G-061-F00","G_MS_GO XOAI","Retails","S2"
"Q5-02G-061-F05","G_MS_GO XOAI-Pha loc","Retails","S2"
"Q5-02G-061-F06","G_MS_GO XOAI-(dau&long)","Retails","S2"
"Q5-02G-061-F22","G_MS_GO XOAI-Ga da giet mo","Retails","S2"
"Q5-02G-061-F24","G_MS_GO XOAI- Trung","Retails","S2"
"Q5-02G-061-F50","G_MS_GO XOAI-Bunde","Retails","S2"
"Q5-02G-061-F51","G_MS_GO XOAI-Hang hoa","Retails","S2"
"Q5-02G-061-F52","G_MS_GO XOAI-Hai san","Retails","S2"
"Q5-02G-061-F53","G_MS_GO XOAI-Bo","Retails","S2"
"Q5-02G-061-F70","G_MS_GO XOAI-SPCB","Retails","S2"
"Q5-02G-061-F71","G_MS_GO XOAI","Retails","S2"
"Q5-02G-061-F72","G_MS_GO XOAI-Ready Meal","Retails","S2"
"Q5-02G-062-F00","G_MS_HA HUY GIAP","Retails","S2"
"Q5-02G-062-F05","G_MS_HA HUY GIAP-Pha loc","Retails","S2"
"Q5-02G-062-F06","G_MS_HA HUY GIAP-(dau&long)","Retails","S2"
"Q5-02G-062-F22","G_MS_HA HUY GIAP-Ga da giet mo","Retails","S2"
"Q5-02G-062-F24","G_MS_HA HUY GIAP- Trung","Retails","S2"
"Q5-02G-062-F50","G_MS_HA HUY GIAP-Bunde","Retails","S2"
"Q5-02G-062-F51","G_MS_HA HUY GIAP-Hang hoa","Retails","S2"
"Q5-02G-062-F52","G_MS_HA HUY GIAP-Hai san","Retails","S2"
"Q5-02G-062-F53","G_MS_HA HUY GIAP-Bo","Retails","S2"
"Q5-02G-062-F70","G_MS_HA HUY GIAP-SPCB","Retails","S2"
"Q5-02G-062-F72","G_MS_HA HUY GIAP-Ready Meal","Retails","S2"
"Q5-02G-063-F00","G_MS_TRAN QUY","Retails","S2"
"Q5-02G-063-F05","G_MS_TRAN QUY-Pha loc","Retails","S2"
"Q5-02G-063-F06","G_MS_TRAN QUY-(dau&long)","Retails","S2"
"Q5-02G-063-F22","G_MS_TRAN QUY-Ga da giet mo","Retails","S2"
"Q5-02G-063-F24","G_MS_TRAN QUY- Trung","Retails","S2"
"Q5-02G-063-F50","G_MS_TRAN QUY-Bunde","Retails","S2"
"Q5-02G-063-F51","G_MS_TRAN QUY-Hang hoa","Retails","S2"
"Q5-02G-063-F52","G_MS_TRAN QUY-Hai san","Retails","S2"
"Q5-02G-063-F53","G_MS_TRAN QUY-Bo","Retails","S2"
"Q5-02G-063-F70","G_MS_TRAN QUY-SPCB","Retails","S2"
"Q5-02G-063-F72","G_MS_TRAN QUY-Ready Meal","Retails","S2"
"Q5-02G-064-F00","G_MS_LY THUONG KIET","Retails","S2"
"Q5-02G-064-F05","G_MS_LY THUONG KIET-Pha loc","Retails","S2"
"Q5-02G-064-F06","G_MS_LY THUONG KIET-(dau&long)","Retails","S2"
"Q5-02G-064-F22","G_MS_LY THUONG KIET-Ga da giet","Retails","S2"
"Q5-02G-064-F24","G_MS_LY THUONG KIET- Trung","Retails","S2"
"Q5-02G-064-F50","G_MS_LY THUONG KIET-Bunde","Retails","S2"
"Q5-02G-064-F51","G_MS_LY THUONG KIET-Hang hoa","Retails","S2"
"Q5-02G-064-F52","G_MS_LY THUONG KIET-Hai san","Retails","S2"
"Q5-02G-064-F53","G_MS_LY THUONG KIET-Bo","Retails","S2"
"Q5-02G-064-F70","G_MS_LY THUONG KIET-SPCB","Retails","S2"
"Q5-02G-064-F71","G_MS_LY THUONG KIET","Retails","S2"
"Q5-02G-064-F72","G_MS_LY THUONG KIET-Ready Meal","Retails","S2"
"Q5-02G-065-F00","G_MS_KHA VAN CAN","Retails","S2"
"Q5-02G-065-F05","G_MS_KHA VAN CAN-Pha loc","Retails","S2"
"Q5-02G-065-F06","G_MS_KHA VAN CAN-(dau&long)","Retails","S2"
"Q5-02G-065-F22","G_MS_KHA VAN CAN-Ga da giet mo","Retails","S2"
"Q5-02G-065-F24","G_MS_KHA VAN CAN- Trung","Retails","S2"
"Q5-02G-065-F50","G_MS_KHA VAN CAN-Bunde","Retails","S2"
"Q5-02G-065-F51","G_MS_KHA VAN CAN-Hang hoa","Retails","S2"
"Q5-02G-065-F52","G_MS_KHA VAN CAN-Hai san","Retails","S2"
"Q5-02G-065-F53","G_MS_KHA VAN CAN-Bo","Retails","S2"
"Q5-02G-065-F70","G_MS_KHA VAN CAN-SPCB","Retails","S2"
"Q5-02G-065-F72","G_MS_KHA VAN CAN-Ready Meal","Retails","S2"
"Q5-02G-066-F00","G_MS_TRAN HUU TRANG","Retails","S2"
"Q5-02G-066-F05","G_MS_TRAN HUU TRANG-Pha loc","Retails","S2"
"Q5-02G-066-F06","G_MS_TRAN HUU TRANG-(dau&long)","Retails","S2"
"Q5-02G-066-F22","G_MS_TRAN HUU TRANG-Ga da giet","Retails","S2"
"Q5-02G-066-F24","G_MS_TRAN HUU TRANG- Trung","Retails","S2"
"Q5-02G-066-F50","G_MS_TRAN HUU TRANG-Bunde","Retails","S2"
"Q5-02G-066-F51","G_MS_TRAN HUU TRANG-Hang hoa","Retails","S2"
"Q5-02G-066-F52","G_MS_TRAN HUU TRANG-Hai san","Retails","S2"
"Q5-02G-066-F53","G_MS_TRAN HUU TRANG-Bo","Retails","S2"
"Q5-02G-066-F70","G_MS_TRAN HUU TRANG-SPCB","Retails","S2"
"Q5-02G-066-F71","G_MS_TRAN HUU TRANG","Retails","S2"
"Q5-02G-066-F72","G_MS_TRAN HUU TRANG-Ready Meal","Retails","S2"
"Q5-02G-067-F00","G_MS_LO TE","Retails","S2"
"Q5-02G-067-F05","G_MS_LO TE-Pha loc","Retails","S2"
"Q5-02G-067-F06","G_MS_LO TE-(dau&long)","Retails","S2"
"Q5-02G-067-F22","G_MS_LO TE-Ga da giet mo","Retails","S2"
"Q5-02G-067-F24","G_MS_LO TE- Trung","Retails","S2"
"Q5-02G-067-F50","G_MS_LO TE-Bunde","Retails","S2"
"Q5-02G-067-F51","G_MS_LO TE-Hang hoa","Retails","S2"
"Q5-02G-067-F52","G_MS_LO TE-Hai san","Retails","S2"
"Q5-02G-067-F53","G_MS_LO TE-Bo","Retails","S2"
"Q5-02G-067-F70","G_MS_LO TE-SPCB","Retails","S2"
"Q5-02G-067-F72","G_MS_LO TE-Ready Meal","Retails","S2"
"Q5-02G-068-F00","G_MS_AU CO","Retails","S2"
"Q5-02G-068-F05","G_MS_AU CO-Pha loc","Retails","S2"
"Q5-02G-068-F06","G_MS_AU CO-(dau&long)","Retails","S2"
"Q5-02G-068-F22","G_MS_AU CO-Ga da giet mo","Retails","S2"
"Q5-02G-068-F24","G_MS_AU CO- Trung","Retails","S2"
"Q5-02G-068-F50","G_MS_AU CO-Bunde","Retails","S2"
"Q5-02G-068-F51","G_MS_AU CO-Hang hoa","Retails","S2"
"Q5-02G-068-F52","G_MS_AU CO-Hai san","Retails","S2"
"Q5-02G-068-F53","G_MS_AU CO-Bo","Retails","S2"
"Q5-02G-068-F70","G_MS_AU CO-SPCB","Retails","S2"
"Q5-02G-068-F71","G_MS_AU CO","Retails","S2"
"Q5-02G-068-F72","G_MS_AU CO-Ready Meal","Retails","S2"
"Q5-02G-069-F00","G_MS_NGUYEN LAM","Retails","S2"
"Q5-02G-069-F05","G_MS_NGUYEN LAM-Pha loc","Retails","S2"
"Q5-02G-069-F06","G_MS_NGUYEN LAM-(dau&long)","Retails","S2"
"Q5-02G-069-F22","G_MS_NGUYEN LAM-Ga da giet mo","Retails","S2"
"Q5-02G-069-F24","G_MS_NGUYEN LAM- Trung","Retails","S2"
"Q5-02G-069-F50","G_MS_NGUYEN LAM-Bunde","Retails","S2"
"Q5-02G-069-F51","G_MS_NGUYEN LAM-Hang hoa","Retails","S2"
"Q5-02G-069-F52","G_MS_NGUYEN LAM-Hai san","Retails","S2"
"Q5-02G-069-F53","G_MS_NGUYEN LAM-Bo","Retails","S2"
"Q5-02G-069-F70","G_MS_NGUYEN LAM-SPCB","Retails","S2"
"Q5-02G-069-F71","G_MS_NGUYEN LAM","Retails","S2"
"Q5-02G-069-F72","G_MS_NGUYEN LAM-Ready Meal","Retails","S2"
"Q5-02G-070-F00","G_MS_SON KY","Retails","S2"
"Q5-02G-070-F05","G_MS_SON KY-Pha loc","Retails","S2"
"Q5-02G-070-F06","G_MS_SON KY-(dau&long)","Retails","S2"
"Q5-02G-070-F22","G_MS_SON KY-Ga da giet mo","Retails","S2"
"Q5-02G-070-F24","G_MS_SON KY- Trung","Retails","S2"
"Q5-02G-070-F50","G_MS_SON KY-Bunde","Retails","S2"
"Q5-02G-070-F51","G_MS_SON KY-Hang hoa","Retails","S2"
"Q5-02G-070-F52","G_MS_SON KY-Hai san","Retails","S2"
"Q5-02G-070-F53","G_MS_SON KY-Bo","Retails","S2"
"Q5-02G-070-F70","G_MS_SON KY-SPCB","Retails","S2"
"Q5-02G-070-F72","G_MS_SON KY-Ready Meal","Retails","S2"
"Q5-02G-071-F00","G_MS_LE VAN QUOI","Retails","S2"
"Q5-02G-071-F05","G_MS_LE VAN QUOI-Pha loc","Retails","S2"
"Q5-02G-071-F06","G_MS_LE VAN QUOI-(dau&long)","Retails","S2"
"Q5-02G-071-F22","G_MS_LE VAN QUOI-Ga da giet mo","Retails","S2"
"Q5-02G-071-F24","G_MS_LE VAN QUOI- Trung","Retails","S2"
"Q5-02G-071-F50","G_MS_LE VAN QUOI-Bunde","Retails","S2"
"Q5-02G-071-F51","G_MS_LE VAN QUOI-Hang hoa","Retails","S2"
"Q5-02G-071-F52","G_MS_LE VAN QUOI-Hai san","Retails","S2"
"Q5-02G-071-F53","G_MS_LE VAN QUOI-Bo","Retails","S2"
"Q5-02G-071-F70","G_MS_LE VAN QUOI-SPCB","Retails","S2"
"Q5-02G-071-F72","G_MS_LE VAN QUOI-Ready Meal","Retails","S2"
"Q5-02G-072-F00","G_MS_LONG TRUONG","Retails","S2"
"Q5-02G-072-F05","G_MS_LONG TRUONG-Pha loc","Retails","S2"
"Q5-02G-072-F06","G_MS_LONG TRUONG-(dau&long)","Retails","S2"
"Q5-02G-072-F22","G_MS_LONG TRUONG-Ga da giet mo","Retails","S2"
"Q5-02G-072-F24","G_MS_LONG TRUONG- Trung","Retails","S2"
"Q5-02G-072-F50","G_MS_LONG TRUONG-Bunde","Retails","S2"
"Q5-02G-072-F51","G_MS_LONG TRUONG-Hang hoa","Retails","S2"
"Q5-02G-072-F52","G_MS_LONG TRUONG-Hai san","Retails","S2"
"Q5-02G-072-F53","G_MS_LONG TRUONG-Bo","Retails","S2"
"Q5-02G-072-F70","G_MS_LONG TRUONG-SPCB","Retails","S2"
"Q5-02G-072-F72","G_MS_LONG TRUONG-Ready Meal","Retails","S2"
"Q5-02G-073-F00","G_MS_TRAN VAN MUOI","Retails","S2"
"Q5-02G-073-F05","G_MS_TRAN VAN MUOI-Pha loc","Retails","S2"
"Q5-02G-073-F06","G_MS_TRAN VAN MUOI-(dau&long)","Retails","S2"
"Q5-02G-073-F22","G_MS_TRAN VAN MUOI-Ga da giet","Retails","S2"
"Q5-02G-073-F24","G_MS_TRAN VAN MUOI- Trung","Retails","S2"
"Q5-02G-073-F50","G_MS_TRAN VAN MUOI-Bunde","Retails","S2"
"Q5-02G-073-F51","G_MS_TRAN VAN MUOI-Hang hoa","Retails","S2"
"Q5-02G-073-F52","G_MS_TRAN VAN MUOI-Hai san","Retails","S2"
"Q5-02G-073-F53","G_MS_TRAN VAN MUOI-Bo","Retails","S2"
"Q5-02G-073-F70","G_MS_TRAN VAN MUOI-SPCB","Retails","S2"
"Q5-02G-073-F72","G_MS_TRAN VAN MUOI-Ready Meal","Retails","S2"
"Q5-02G-074-F00","G_MS_DUONG DINH HOI","Retails","S2"
"Q5-02G-074-F05","G_MS_DUONG DINH HOI-Pha loc","Retails","S2"
"Q5-02G-074-F06","G_MS_DUONG DINH HOI-(dau&long)","Retails","S2"
"Q5-02G-074-F22","G_MS_DUONG DINH HOI-Ga da giet","Retails","S2"
"Q5-02G-074-F24","G_MS_DUONG DINH HOI- Trung","Retails","S2"
"Q5-02G-074-F50","G_MS_DUONG DINH HOI-Bunde","Retails","S2"
"Q5-02G-074-F51","G_MS_DUONG DINH HOI-Hang hoa","Retails","S2"
"Q5-02G-074-F52","G_MS_DUONG DINH HOI-Hai san","Retails","S2"
"Q5-02G-074-F53","G_MS_DUONG DINH HOI-Bo","Retails","S2"
"Q5-02G-074-F70","G_MS_DUONG DINH HOI-SPCB","Retails","S2"
"Q5-02G-074-F72","G_MS_DUONG DINH HOI-Ready Meal","Retails","S2"
"Q5-02G-075-F00","G_MS_CITY LAND","Retails","S2"
"Q5-02G-075-F05","G_MS_CITY LAND-Pha loc","Retails","S2"
"Q5-02G-075-F06","G_MS_CITY LAND-(dau&long)","Retails","S2"
"Q5-02G-075-F22","G_MS_CITY LAND-Ga da giet mo","Retails","S2"
"Q5-02G-075-F24","G_MS_CITY LAND- Trung","Retails","S2"
"Q5-02G-075-F50","G_MS_CITY LAND-Bunde","Retails","S2"
"Q5-02G-075-F51","G_MS_CITY LAND-Hang hoa","Retails","S2"
"Q5-02G-075-F52","G_MS_CITY LAND-Hai san","Retails","S2"
"Q5-02G-075-F53","G_MS_CITY LAND-Bo","Retails","S2"
"Q5-02G-075-F70","G_MS_CITY LAND-SPCB","Retails","S2"
"Q5-02G-075-F71","G_MS_CITY LAND","Retails","S2"
"Q5-02G-075-F72","G_MS_CITY LAND-Ready Meal","Retails","S2"
"Q5-02G-076-F00","G_MS_NGUYEN VAN NGHI","Retails","S2"
"Q5-02G-076-F05","G_MS_NGUYEN VAN NGHI-Pha loc","Retails","S2"
"Q5-02G-076-F06","G_MS_NGUYEN VAN NGHI-(dau&long","Retails","S2"
"Q5-02G-076-F22","G_MS_NGUYEN VAN NGHI-Ga da gie","Retails","S2"
"Q5-02G-076-F24","G_MS_NGUYEN VAN NGHI- Trung","Retails","S2"
"Q5-02G-076-F50","G_MS_NGUYEN VAN NGHI-Bunde","Retails","S2"
"Q5-02G-076-F51","G_MS_NGUYEN VAN NGHI-Hang hoa","Retails","S2"
"Q5-02G-076-F52","G_MS_NGUYEN VAN NGHI-Hai san","Retails","S2"
"Q5-02G-076-F53","G_MS_NGUYEN VAN NGHI-Bo","Retails","S2"
"Q5-02G-076-F70","G_MS_NGUYEN VAN NGHI-SPCB","Retails","S2"
"Q5-02G-076-F72","G_MS_NGUYEN VAN NGHI-Ready Mea","Retails","S2"
"Q5-02G-077-F00","G_MS_PHONG PHU","Retails","S2"
"Q5-02G-077-F05","G_MS_PHONG PHU-Pha loc","Retails","S2"
"Q5-02G-077-F06","G_MS_PHONG PHU-(dau&long)","Retails","S2"
"Q5-02G-077-F22","G_MS_PHONG PHU-Ga da giet mo","Retails","S2"
"Q5-02G-077-F24","G_MS_PHONG PHU- Trung","Retails","S2"
"Q5-02G-077-F50","G_MS_PHONG PHU-Bunde","Retails","S2"
"Q5-02G-077-F51","G_MS_PHONG PHU-Hang hoa","Retails","S2"
"Q5-02G-077-F52","G_MS_PHONG PHU-Hai san","Retails","S2"
"Q5-02G-077-F53","G_MS_PHONG PHU-Bo","Retails","S2"
"Q5-02G-077-F70","G_MS_PHONG PHU-SPCB","Retails","S2"
"Q5-02G-077-F71","G_MS_PHONG PHU","Retails","S2"
"Q5-02G-077-F72","G_MS_PHONG PHU-Ready Meal","Retails","S2"
"Q5-02G-078-F00","G_MS_LE VAN LUONG Q7","Retails","S2"
"Q5-02G-078-F05","G_MS_LE VAN LUONG Q7-Pha loc","Retails","S2"
"Q5-02G-078-F06","G_MS_LE VAN LUONG Q7-(dau&long","Retails","S2"
"Q5-02G-078-F22","G_MS_LE VAN LUONG Q7-Ga da gie","Retails","S2"
"Q5-02G-078-F24","G_MS_LE VAN LUONG Q7- Trung","Retails","S2"
"Q5-02G-078-F50","G_MS_LE VAN LUONG Q7-Bunde","Retails","S2"
"Q5-02G-078-F51","G_MS_LE VAN LUONG Q7-Hang hoa","Retails","S2"
"Q5-02G-078-F52","G_MS_LE VAN LUONG Q7-Hai san","Retails","S2"
"Q5-02G-078-F53","G_MS_LE VAN LUONG Q7-Bo","Retails","S2"
"Q5-02G-078-F70","G_MS_LE VAN LUONG Q7-SPCB","Retails","S2"
"Q5-02G-078-F71","G_MS_LE VAN LUONG Q7","Retails","S2"
"Q5-02G-078-F72","G_MS_LE VAN LUONG Q7-Ready Mea","Retails","S2"
"Q5-02G-079-F00","G_MS_DO NGOC QUANG","Retails","S2"
"Q5-02G-079-F05","G_MS_DO NGOC QUANG-Pha loc","Retails","S2"
"Q5-02G-079-F06","G_MS_DO NGOC QUANG-(dau&long)","Retails","S2"
"Q5-02G-079-F22","G_MS_DO NGOC QUANG-Ga da giet","Retails","S2"
"Q5-02G-079-F24","G_MS_DO NGOC QUANG- Trung","Retails","S2"
"Q5-02G-079-F50","G_MS_DO NGOC QUANG-Bunde","Retails","S2"
"Q5-02G-079-F51","G_MS_DO NGOC QUANG-Hang hoa","Retails","S2"
"Q5-02G-079-F52","G_MS_DO NGOC QUANG-Hai san","Retails","S2"
"Q5-02G-079-F53","G_MS_DO NGOC QUANG-Bo","Retails","S2"
"Q5-02G-079-F70","G_MS_DO NGOC QUANG-SPCB","Retails","S2"
"Q5-02G-079-F71","G_MS_DO NGOC QUANG","Retails","S2"
"Q5-02G-079-F72","G_MS_DO NGOC QUANG-Ready Meal","Retails","S2"
"Q5-02G-080-F00","G_MS_LE VAN VIET","Retails","S2"
"Q5-02G-080-F05","G_MS_LE VAN VIET-Pha loc","Retails","S2"
"Q5-02G-080-F06","G_MS_LE VAN VIET-(dau&long)","Retails","S2"
"Q5-02G-080-F22","G_MS_LE VAN VIET-Ga da giet mo","Retails","S2"
"Q5-02G-080-F24","G_MS_LE VAN VIET- Trung","Retails","S2"
"Q5-02G-080-F50","G_MS_LE VAN VIET-Bunde","Retails","S2"
"Q5-02G-080-F51","G_MS_LE VAN VIET-Hang hoa","Retails","S2"
"Q5-02G-080-F52","G_MS_LE VAN VIET-Hai san","Retails","S2"
"Q5-02G-080-F53","G_MS_LE VAN VIET-Bo","Retails","S2"
"Q5-02G-080-F70","G_MS_LE VAN VIET-SPCB","Retails","S2"
"Q5-02G-080-F71","G_MS_LE VAN VIET","Retails","S2"
"Q5-02G-080-F72","G_MS_LE VAN VIET-Ready Meal","Retails","S2"
"Q5-02G-081-F00","G_MS_CAO DAT","Retails","S2"
"Q5-02G-081-F05","G_MS_CAO DAT-Pha loc","Retails","S2"
"Q5-02G-081-F06","G_MS_CAO DAT-(dau&long)","Retails","S2"
"Q5-02G-081-F22","G_MS_CAO DAT-Ga da giet mo","Retails","S2"
"Q5-02G-081-F24","G_MS_CAO DAT- Trung","Retails","S2"
"Q5-02G-081-F50","G_MS_CAO DAT-Bunde","Retails","S2"
"Q5-02G-081-F51","G_MS_CAO DAT-Hang hoa","Retails","S2"
"Q5-02G-081-F52","G_MS_CAO DAT-Hai san","Retails","S2"
"Q5-02G-081-F53","G_MS_CAO DAT-Bo","Retails","S2"
"Q5-02G-081-F70","G_MS_CAO DAT-SPCB","Retails","S2"
"Q5-02G-081-F71","G_MS_CAO DAT","Retails","S2"
"Q5-02G-081-F72","G_MS_CAO DAT-Ready Meal","Retails","S2"
"Q5-02G-082-F00","G_MS_TAN MY","Retails","S2"
"Q5-02G-082-F05","G_MS_TAN MY-Pha loc","Retails","S2"
"Q5-02G-082-F06","G_MS_TAN MY-(dau&long)","Retails","S2"
"Q5-02G-082-F22","G_MS_TAN MY-Ga da giet mo","Retails","S2"
"Q5-02G-082-F24","G_MS_TAN MY- Trung","Retails","S2"
"Q5-02G-082-F50","G_MS_TAN MY-Bunde","Retails","S2"
"Q5-02G-082-F51","G_MS_TAN MY-Hang hoa","Retails","S2"
"Q5-02G-082-F52","G_MS_TAN MY-Hai san","Retails","S2"
"Q5-02G-082-F53","G_MS_TAN MY-Bo","Retails","S2"
"Q5-02G-082-F70","G_MS_TAN MY-SPCB","Retails","S2"
"Q5-02G-082-F71","G_MS_TAN MY","Retails","S2"
"Q5-02G-082-F72","G_MS_TAN MY-Ready Meal","Retails","S2"
"Q5-02G-083-F00","G_MS_QUOC LO 13","Retails","S2"
"Q5-02G-083-F05","G_MS_QUOC LO 13-Pha loc","Retails","S2"
"Q5-02G-083-F06","G_MS_QUOC LO 13-(dau&long)","Retails","S2"
"Q5-02G-083-F22","G_MS_QUOC LO 13-Ga da giet mo","Retails","S2"
"Q5-02G-083-F24","G_MS_QUOC LO 13- Trung","Retails","S2"
"Q5-02G-083-F50","G_MS_QUOC LO 13-Bunde","Retails","S2"
"Q5-02G-083-F51","G_MS_QUOC LO 13-Hang hoa","Retails","S2"
"Q5-02G-083-F52","G_MS_QUOC LO 13-Hai san","Retails","S2"
"Q5-02G-083-F53","G_MS_QUOC LO 13-Bo","Retails","S2"
"Q5-02G-083-F70","G_MS_QUOC LO 13-SPCB","Retails","S2"
"Q5-02G-083-F72","G_MS_QUOC LO 13-Ready Meal","Retails","S2"
"Q5-02G-084-F00","G_MS_PHAM HUU LAU","Retails","S2"
"Q5-02G-084-F05","G_MS_PHAM HUU LAU-Pha loc","Retails","S2"
"Q5-02G-084-F06","G_MS_PHAM HUU LAU-(dau&long)","Retails","S2"
"Q5-02G-084-F22","G_MS_PHAM HUU LAU-Ga da giet m","Retails","S2"
"Q5-02G-084-F24","G_MS_PHAM HUU LAU- Trung","Retails","S2"
"Q5-02G-084-F50","G_MS_PHAM HUU LAU-Bunde","Retails","S2"
"Q5-02G-084-F51","G_MS_PHAM HUU LAU-Hang hoa","Retails","S2"
"Q5-02G-084-F52","G_MS_PHAM HUU LAU-Hai san","Retails","S2"
"Q5-02G-084-F53","G_MS_PHAM HUU LAU-Bo","Retails","S2"
"Q5-02G-084-F70","G_MS_PHAM HUU LAU-SPCB","Retails","S2"
"Q5-02G-084-F72","G_MS_PHAM HUU LAU-Ready Meal","Retails","S2"
"Q5-02G-085-F00","G_MS_ HOANG HOA THAM(B.T","Retails","S2"
"Q5-02G-085-F05","G_MS_ HOANG HOA THAM(B.T-Pha l","Retails","S2"
"Q5-02G-085-F06","G_MS_ HOANG HOA THAM(B.T-(dau&","Retails","S2"
"Q5-02G-085-F22","G_MS_ HOANG HOA THAM(B.T-Ga da","Retails","S2"
"Q5-02G-085-F24","G_MS_ HOANG HOA THAM(B.T- Trun","Retails","S2"
"Q5-02G-085-F50","G_MS_ HOANG HOA THAM(B.T-Bunde","Retails","S2"
"Q5-02G-085-F51","G_MS_ HOANG HOA THAM(B.T-Hang","Retails","S2"
"Q5-02G-085-F52","G_MS_ HOANG HOA THAM(B.T-Hai s","Retails","S2"
"Q5-02G-085-F53","G_MS_ HOANG HOA THAM(B.T-Bo","Retails","S2"
"Q5-02G-085-F70","G_MS_ HOANG HOA THAM(B.T-SPCB","Retails","S2"
"Q5-02G-085-F71","G_MS_ HOANG HOA THAM","Retails","S2"
"Q5-02G-085-F72","G_MS_ HOANG HOA THAM(B.T-Ready","Retails","S2"
"Q5-02G-086-F00","G_MS_AN PHU","Retails","S2"
"Q5-02G-086-F05","G_MS_AN PHU-Pha loc","Retails","S2"
"Q5-02G-086-F06","G_MS_AN PHU-(dau&long)","Retails","S2"
"Q5-02G-086-F22","G_MS_AN PHU-Ga da giet mo","Retails","S2"
"Q5-02G-086-F24","G_MS_AN PHU- Trung","Retails","S2"
"Q5-02G-086-F50","G_MS_AN PHU-Bunde","Retails","S2"
"Q5-02G-086-F51","G_MS_AN PHU-Hang hoa","Retails","S2"
"Q5-02G-086-F52","G_MS_AN PHU-Hai san","Retails","S2"
"Q5-02G-086-F53","G_MS_AN PHU-Bo","Retails","S2"
"Q5-02G-086-F70","G_MS_AN PHU-SPCB","Retails","S2"
"Q5-02G-086-F71","G_MS_AN PHU","Retails","S2"
"Q5-02G-086-F72","G_MS_AN PHU-Ready Meal","Retails","S2"
"Q5-02G-087-F00","G_MS_LE VAN THO","Retails","S2"
"Q5-02G-087-F05","G_MS_LE VAN THO-Pha loc","Retails","S2"
"Q5-02G-087-F06","G_MS_LE VAN THO-(dau&long)","Retails","S2"
"Q5-02G-087-F22","G_MS_LE VAN THO-Ga da giet mo","Retails","S2"
"Q5-02G-087-F24","G_MS_LE VAN THO- Trung","Retails","S2"
"Q5-02G-087-F50","G_MS_LE VAN THO-Bunde","Retails","S2"
"Q5-02G-087-F51","G_MS_LE VAN THO-Hang hoa","Retails","S2"
"Q5-02G-087-F52","G_MS_LE VAN THO-Hai san","Retails","S2"
"Q5-02G-087-F53","G_MS_LE VAN THO-Bo","Retails","S2"
"Q5-02G-087-F70","G_MS_LE VAN THO-SPCB","Retails","S2"
"Q5-02G-087-F71","G_MS_LE VAN THO","Retails","S2"
"Q5-02G-087-F72","G_MS_LE VAN THO-Ready Meal","Retails","S2"
"Q5-02G-088-F00","G_MS_BINH QUOI","Retails","S2"
"Q5-02G-088-F05","G_MS_BINH QUOI-Pha loc","Retails","S2"
"Q5-02G-088-F06","G_MS_BINH QUOI-(dau&long)","Retails","S2"
"Q5-02G-088-F22","G_MS_BINH QUOI-Ga da giet mo","Retails","S2"
"Q5-02G-088-F24","G_MS_BINH QUOI- Trung","Retails","S2"
"Q5-02G-088-F50","G_MS_BINH QUOI-Bunde","Retails","S2"
"Q5-02G-088-F51","G_MS_BINH QUOI-Hang hoa","Retails","S2"
"Q5-02G-088-F52","G_MS_BINH QUOI-Hai san","Retails","S2"
"Q5-02G-088-F53","G_MS_BINH QUOI-Bo","Retails","S2"
"Q5-02G-088-F70","G_MS_BINH QUOI-SPCB","Retails","S2"
"Q5-02G-088-F72","G_MS_BINH QUOI-Ready Meal","Retails","S2"
"Q5-02G-089-F00","G_MS_553 NGUYEN DINH CHIE","Retails","S2"
"Q5-02G-089-F05","G_MS_553 NGUYEN DINH CHIE-Pha","Retails","S2"
"Q5-02G-089-F06","G_MS_553 NGUYEN DINH CHIE-(dau","Retails","S2"
"Q5-02G-089-F22","G_MS_553 NGUYEN DINH CHIE-Ga d","Retails","S2"
"Q5-02G-089-F24","G_MS_553 NGUYEN DINH CHIE- Tru","Retails","S2"
"Q5-02G-089-F50","G_MS_553 NGUYEN DINH CHIE-Bund","Retails","S2"
"Q5-02G-089-F51","G_MS_553 NGUYEN DINH CHIE-Hang","Retails","S2"
"Q5-02G-089-F52","G_MS_553 NGUYEN DINH CHIE-Hai","Retails","S2"
"Q5-02G-089-F53","G_MS_553 NGUYEN DINH CHIE-Bo","Retails","S2"
"Q5-02G-089-F70","G_MS_553 NGUYEN DINH CHIE-SPCB","Retails","S2"
"Q5-02G-089-F71","G_MS_553 NGUYEN DINH CHIEU","Retails","S2"
"Q5-02G-089-F72","G_MS_553 NGUYEN DINH CHIE-Read","Retails","S2"
"Q5-02G-090-F00","G_MS_NGUYEN VAN TAO","Retails","S2"
"Q5-02G-090-F05","G_MS_NGUYEN VAN TAO-Pha loc","Retails","S2"
"Q5-02G-090-F06","G_MS_NGUYEN VAN TAO-(dau&long)","Retails","S2"
"Q5-02G-090-F22","G_MS_NGUYEN VAN TAO-Ga da giet","Retails","S2"
"Q5-02G-090-F24","G_MS_NGUYEN VAN TAO- Trung","Retails","S2"
"Q5-02G-090-F50","G_MS_NGUYEN VAN TAO-Bunde","Retails","S2"
"Q5-02G-090-F51","G_MS_NGUYEN VAN TAO-Hang hoa","Retails","S2"
"Q5-02G-090-F52","G_MS_NGUYEN VAN TAO-Hai san","Retails","S2"
"Q5-02G-090-F53","G_MS_NGUYEN VAN TAO-Bo","Retails","S2"
"Q5-02G-090-F70","G_MS_NGUYEN VAN TAO-SPCB","Retails","S2"
"Q5-02G-090-F72","G_MS_NGUYEN VAN TAO-Ready Meal","Retails","S2"
"Q5-02G-091-F00","G_MS_AN KHANH","Retails","S2"
"Q5-02G-091-F05","G_MS_AN KHANH-Pha loc","Retails","S2"
"Q5-02G-091-F06","G_MS_AN KHANH-(dau&long)","Retails","S2"
"Q5-02G-091-F22","G_MS_AN KHANH-Ga da giet mo","Retails","S2"
"Q5-02G-091-F24","G_MS_AN KHANH- Trung","Retails","S2"
"Q5-02G-091-F50","G_MS_AN KHANH-Bunde","Retails","S2"
"Q5-02G-091-F51","G_MS_AN KHANH-Hang hoa","Retails","S2"
"Q5-02G-091-F52","G_MS_AN KHANH-Hai san","Retails","S2"
"Q5-02G-091-F53","G_MS_AN KHANH-Bo","Retails","S2"
"Q5-02G-091-F70","G_MS_AN KHANH-SPCB","Retails","S2"
"Q5-02G-091-F71","G_MS_AN KHANH","Retails","S2"
"Q5-02G-091-F72","G_MS_AN KHANH-Ready Meal","Retails","S2"
"Q5-02G-092-F00","G_MS_PHU LOI BD","Retails","S2"
"Q5-02G-092-F05","G_MS_PHU LOI BD-Pha loc","Retails","S2"
"Q5-02G-092-F06","G_MS_PHU LOI BD-(dau&long)","Retails","S2"
"Q5-02G-092-F22","G_MS_PHU LOI BD-Ga da giet mo","Retails","S2"
"Q5-02G-092-F24","G_MS_PHU LOI BD- Trung","Retails","S2"
"Q5-02G-092-F50","G_MS_PHU LOI BD-Bunde","Retails","S2"
"Q5-02G-092-F51","G_MS_PHU LOI BD-Hang hoa","Retails","S2"
"Q5-02G-092-F52","G_MS_PHU LOI BD-Hai san","Retails","S2"
"Q5-02G-092-F53","G_MS_PHU LOI BD-Bo","Retails","S2"
"Q5-02G-092-F70","G_MS_PHU LOI BD-SPCB","Retails","S2"
"Q5-02G-092-F72","G_MS_PHU LOI BD-Ready Meal","Retails","S2"
"Q5-02G-093-F00","G_MS_TRUONG CONG DINH","Retails","S2"
"Q5-02G-093-F05","G_MS_TRUONG CONG DINH-Pha loc","Retails","S2"
"Q5-02G-093-F06","G_MS_TRUONG CONG DINH-(dau&lon","Retails","S2"
"Q5-02G-093-F22","G_MS_TRUONG CONG DINH-Ga da gi","Retails","S2"
"Q5-02G-093-F24","G_MS_TRUONG CONG DINH- Trung","Retails","S2"
"Q5-02G-093-F50","G_MS_TRUONG CONG DINH-Bunde","Retails","S2"
"Q5-02G-093-F51","G_MS_TRUONG CONG DINH-Hang hoa","Retails","S2"
"Q5-02G-093-F52","G_MS_TRUONG CONG DINH-Hai san","Retails","S2"
"Q5-02G-093-F53","G_MS_TRUONG CONG DINH-Bo","Retails","S2"
"Q5-02G-093-F70","G_MS_TRUONG CONG DINH-SPCB","Retails","S2"
"Q5-02G-093-F72","G_MS_TRUONG CONG DINH-Ready Me","Retails","S2"
"Q5-02G-094-F00","G_MS_LINH TRUNG","Retails","S2"
"Q5-02G-094-F05","G_MS_LINH TRUNG-Pha loc","Retails","S2"
"Q5-02G-094-F06","G_MS_LINH TRUNG-(dau&long)","Retails","S2"
"Q5-02G-094-F22","G_MS_LINH TRUNG-Ga da giet mo","Retails","S2"
"Q5-02G-094-F24","G_MS_LINH TRUNG- Trung","Retails","S2"
"Q5-02G-094-F50","G_MS_LINH TRUNG-Bunde","Retails","S2"
"Q5-02G-094-F51","G_MS_LINH TRUNG-Hang hoa","Retails","S2"
"Q5-02G-094-F52","G_MS_LINH TRUNG-Hai san","Retails","S2"
"Q5-02G-094-F53","G_MS_LINH TRUNG-Bo","Retails","S2"
"Q5-02G-094-F70","G_MS_LINH TRUNG-SPCB","Retails","S2"
"Q5-02G-094-F72","G_MS_LINH TRUNG-Ready Meal","Retails","S2"
"Q5-02G-095-F00","G_MS_NGUYEN VAN CONG","Retails","S2"
"Q5-02G-095-F05","G_MS_NGUYEN VAN CONG-Pha loc","Retails","S2"
"Q5-02G-095-F06","G_MS_NGUYEN VAN CONG-(dau&long","Retails","S2"
"Q5-02G-095-F22","G_MS_NGUYEN VAN CONG-Ga da gie","Retails","S2"
"Q5-02G-095-F24","G_MS_NGUYEN VAN CONG- Trung","Retails","S2"
"Q5-02G-095-F50","G_MS_NGUYEN VAN CONG-Bunde","Retails","S2"
"Q5-02G-095-F51","G_MS_NGUYEN VAN CONG-Hang hoa","Retails","S2"
"Q5-02G-095-F52","G_MS_NGUYEN VAN CONG-Hai san","Retails","S2"
"Q5-02G-095-F53","G_MS_NGUYEN VAN CONG-Bo","Retails","S2"
"Q5-02G-095-F70","G_MS_NGUYEN VAN CONG-SPCB","Retails","S2"
"Q5-02G-095-F71","G_MS_NGUYEN VAN CONG","Retails","S2"
"Q5-02G-095-F72","G_MS_NGUYEN VAN CONG-Ready Mea","Retails","S2"
"Q5-02M-000-F00","G_MS MMC-Chung","Retails","S2"
"Q5-02M-000-F04","G_MS MMC-Chung-Heo manh","Retails","S2"
"Q5-02E-000-F05","G_CTO_ MS Hub - Pha loc","Retails","S2"
"Q5-02M-000-F24","G_MS MMC-Chung-Trung","Retails","S2"
"Q5-02M-000-F70","G_MS MMC-Chung- SPCB","Retails","S2"
"Q5-02M-001-F00","G_MS MMC-XO VIET NGHE TINH","Retails","S2"
"Q5-02M-001-F04","G_MS MMC-XO V.N TINH-Heo manh","Retails","S2"
"Q5-02M-001-F05","G_MS MMC-XO VIET NGHE TINH-Pha","Retails","S2"
"Q5-02M-001-F22","G_MS MMC-XO VIET N. TINH-Ga da","Retails","S2"
"Q5-02M-001-F24","G_MS MMC-XO V.N TINH-Trung","Retails","S2"
"Q5-02M-001-F50","G_MS MMC-XO VIET NGHE TINH-Bun","Retails","S2"
"Q5-02M-001-F51","G_MS MMC-XVNT-Hang Hoa","Retails","S2"
"Q5-02M-001-F52","G_MS MMC-XO VIET NGHE TINH-Hai","Retails","S2"
"Q5-02M-001-F53","G_MS MMC-XO VIET NGHE TINH-Bo","Retails","S2"
"Q5-02M-001-F70","G_MS MMC-XO VIET N. TINH_SPCB","Retails","S2"
"Q5-02M-002-F00","G_MS MMC-CACH MANG THANG 8","Retails","S2"
"Q5-02M-002-F04","G_MS MMC-CACH MANG T8-Heo manh","Retails","S2"
"Q5-02M-002-F05","G_MS MMC-CACH MANG THANG 8_Pha","Retails","S2"
"Q5-02M-002-F22","G_MS MMC-CACH MANG T8-Ga da gi","Retails","S2"
"Q5-02M-002-F24","G_MS MMC-CMT8-Trung","Retails","S2"
"Q5-02M-002-F51","G_MS MMC-CMT8-Hang Hoa","Retails","S2"
"Q5-02M-002-F52","G_MS MMC-CMT8-Hai san","Retails","S2"
"Q5-02M-002-F70","G_MS MMC-CACH MANG T 8_SPCB","Retails","S2"
"Q5-02M-003-F00","G_MS MMC-NGUYEN HIEN","Retails","S2"
"Q5-02M-003-F04","G_MS MMC-NGUYEN HIEN-Heo manh","Retails","S2"
"Q5-02M-003-F05","G_MS MMC-NGUYEN HIEN-Pha Loc","Retails","S2"
"Q5-02M-003-F22","G_MS MMC-NGUYEN HIEN-Ga da gie","Retails","S2"
"Q5-02M-003-F24","G_MS MMC-NGUYEN HIEN-Trung","Retails","S2"
"Q5-02M-003-F51","G_MS MMC-NGUYEN HIEN-Hang Hoa","Retails","S2"
"Q5-02M-003-F52","G_MS MMC-NGUYEN HIEN-Hai san","Retails","S2"
"Q5-02M-003-F70","G_MS MMC-NGUYEN HIEN_SPCB","Retails","S2"
"Q5-02M-S01-F00","G_MS MMC_BP Marketing","Retails","S2"
"Q5-05F-S72-F00","Gnifique_MS MMC-CTO_Default","Retails","S2"